timestamp,halow_rssi_dbm,halow_noise_dbm,halow_tx_rate_mbps,halow_rx_rate_mbps,halow_tx_bytes,halow_rx_bytes,halow_retries,halow_drops,halow_channel_active_ms,halow_channel_busy_ms,halow_channel_busy_pct
2025-12-06T15:35:34.955727,-24.0,-82.0,15.4,,4363156,464466,,2,,,
2025-12-06T15:35:38.379859,-24.0,-82.0,15.4,,4363156,464466,,2,,,
2025-12-06T15:35:41.360149,-24.0,-84.0,15.4,,4363156,464466,,2,,,
2025-12-06T15:35:44.390976,-24.0,-82.0,15.4,,4363156,464466,,2,,,
2025-12-06T15:35:47.769880,-26.0,-80.0,13.9,,4363242,464466,,2,,,
2025-12-06T15:35:51.817654,-24.0,-84.0,13.9,,4363414,464466,,2,,,
2025-12-06T15:35:54.908601,-24.0,-82.0,13.9,,4363414,464466,,2,,,
2025-12-06T15:35:58.024085,-24.0,-82.0,13.9,,4363414,464466,,2,,,
2025-12-06T15:36:01.357610,-24.0,-82.0,13.9,,4363414,464466,,2,,,
2025-12-06T15:36:05.118926,-24.0,-82.0,13.9,,4363414,464466,,2,,,
2025-12-06T15:36:08.407779,-22.0,-82.0,15.4,,4363500,464466,,2,,,
2025-12-06T15:36:11.686055,-22.0,-82.0,15.4,,4363672,464466,,2,,,
2025-12-06T15:36:14.973341,-22.0,-82.0,15.4,,4363672,464466,,2,,,
2025-12-06T15:36:18.925204,-22.0,-78.0,15.4,,4363672,464466,,2,,,
2025-12-06T15:36:22.114797,-22.0,-82.0,15.4,,4363672,464466,,2,,,
2025-12-06T15:36:25.371139,-22.0,-80.0,15.4,,4363672,464466,,2,,,
2025-12-06T15:36:28.754710,-22.0,-82.0,15.4,,4363758,464466,,2,,,
2025-12-06T15:36:32.878515,-22.0,-82.0,15.4,,4363930,464466,,2,,,
2025-12-06T15:36:36.075840,-22.0,-82.0,15.4,,4363930,464466,,2,,,
2025-12-06T15:36:39.255869,-22.0,-80.0,15.4,,4364188,464466,,2,,,
2025-12-06T15:36:42.416927,-22.0,-80.0,15.4,,4364188,464466,,2,,,
2025-12-06T15:36:46.415325,-22.0,-82.0,15.4,,4364188,464466,,2,,,
2025-12-06T15:36:49.563860,-22.0,-82.0,15.4,,4364188,464466,,2,,,
2025-12-06T15:36:52.813728,-23.0,-82.0,15.4,,4364360,464466,,2,,,
2025-12-06T15:36:56.169987,-22.0,-84.0,15.4,,4364446,464466,,2,,,
2025-12-06T15:37:00.154080,-25.0,-80.0,15.4,,4364618,464466,,2,,,
2025-12-06T15:37:03.287981,-25.0,-82.0,15.4,,4364704,464466,,2,,,
2025-12-06T15:37:06.607295,-25.0,-82.0,15.4,,4364704,464466,,2,,,
2025-12-06T15:37:09.854935,-25.0,-80.0,15.4,,4364704,464466,,2,,,
2025-12-06T15:37:13.826396,-25.0,-80.0,15.4,,4364704,464466,,2,,,
2025-12-06T15:37:17.052763,-24.0,-78.0,15.4,,4364876,464466,,2,,,
2025-12-06T15:37:20.257188,-23.0,-80.0,15.4,,4364962,464466,,2,,,
2025-12-06T15:37:23.376684,-23.0,-80.0,15.4,,4364962,464466,,2,,,
2025-12-06T15:37:27.363180,-23.0,-82.0,15.4,,4364962,464466,,2,,,
2025-12-06T15:37:30.337332,-23.0,-80.0,15.4,,4364962,464466,,2,,,
2025-12-06T15:37:33.562126,-23.0,-82.0,15.4,,4364962,464466,,2,,,
2025-12-06T15:37:36.795177,-23.0,-80.0,15.4,,4365048,464466,,2,,,
2025-12-06T15:37:40.756664,-22.0,-82.0,15.4,,4365220,464466,,2,,,
2025-12-06T15:37:43.845084,-22.0,-82.0,15.4,,4365220,464466,,2,,,
2025-12-06T15:37:47.057078,-22.0,-82.0,15.4,,4365220,464466,,2,,,
2025-12-06T15:37:50.206165,-22.0,-80.0,15.4,,4365220,464466,,2,,,
2025-12-06T15:37:53.930699,-22.0,-80.0,15.4,,4365220,464466,,2,,,
2025-12-06T15:37:57.153035,-24.0,-84.0,15.4,,4365478,464466,,2,,,
2025-12-06T15:38:00.268747,-24.0,-82.0,15.4,,4365478,464466,,2,,,
2025-12-06T15:38:03.461057,-24.0,-82.0,15.4,,4365478,464556,,2,,,
2025-12-06T15:38:07.157734,-22.0,-80.0,15.4,,4365478,464556,,2,,,
2025-12-06T15:38:10.280380,-24.0,-82.0,15.4,,4365564,464598,,2,,,
2025-12-06T15:38:13.392006,-24.0,-82.0,15.4,,4365564,464598,,2,,,
2025-12-06T15:38:16.451237,-24.0,-80.0,15.4,,4365564,464598,,2,,,
2025-12-06T15:38:19.750292,-23.0,-80.0,15.4,,4365736,464688,,2,,,
2025-12-06T15:38:23.057971,-22.0,-82.0,12.3,,4365946,464770,,2,,,
2025-12-06T15:38:26.170364,-22.0,-82.0,12.3,,4366032,464812,,2,,,
2025-12-06T15:38:29.320570,-22.0,-80.0,12.3,,4366032,464812,,2,,,
2025-12-06T15:38:32.481301,-22.0,-82.0,12.3,,4366032,464812,,2,,,
2025-12-06T15:38:35.917185,-22.0,-80.0,13.9,,4366292,464976,,2,,,
2025-12-06T15:38:38.980460,-22.0,-82.0,13.9,,4366292,464976,,2,,,
2025-12-06T15:38:42.190934,-21.0,-82.0,15.4,,4366464,464976,,2,,,
2025-12-06T15:38:45.313173,-23.0,-82.0,15.4,,4366550,464976,,2,,,
2025-12-06T15:38:48.971893,-22.0,-84.0,15.4,,4366722,464976,,2,,,
2025-12-06T15:38:52.211467,-22.0,-80.0,15.4,,4366808,464976,,2,,,
2025-12-06T15:38:55.355657,-22.0,-84.0,15.4,,4366808,464976,,2,,,
2025-12-06T15:38:58.449594,-23.0,-80.0,15.4,,4366980,464976,,2,,,
2025-12-06T15:39:02.048672,-24.0,-82.0,15.4,,4367066,464976,,2,,,
2025-12-06T15:39:05.138537,-24.0,-82.0,15.4,,4367066,464976,,2,,,
2025-12-06T15:39:08.182550,-24.0,-82.0,15.4,,4367066,464976,,2,,,
2025-12-06T15:39:11.175788,-24.0,-80.0,15.4,,4367324,464976,,2,,,
2025-12-06T15:39:14.890894,-24.0,-80.0,15.4,,4367324,464976,,2,,,
2025-12-06T15:39:18.009332,-24.0,-82.0,15.4,,4367324,464976,,2,,,
2025-12-06T15:39:21.001089,-24.0,-80.0,15.4,,4367324,464976,,2,,,
2025-12-06T15:39:24.085165,-24.0,-82.0,15.4,,4367324,464976,,2,,,
2025-12-06T15:39:27.730529,-22.0,-80.0,15.4,,4367410,464976,,2,,,
2025-12-06T15:39:30.818125,-24.0,-86.0,15.4,,4367582,464976,,2,,,
2025-12-06T15:39:33.823885,-24.0,-82.0,15.4,,4367582,464990,,2,,,
2025-12-06T15:39:36.996741,-24.0,-82.0,15.4,,4367582,464990,,2,,,
2025-12-06T15:39:40.632280,-24.0,-82.0,15.4,,4367582,464990,,2,,,
2025-12-06T15:39:43.812342,-24.0,-80.0,15.4,,4367582,464990,,2,,,
2025-12-06T15:39:46.931585,-24.0,-82.0,15.4,,4367582,464990,,2,,,
2025-12-06T15:39:49.933132,-23.0,-82.0,15.4,,4367754,464990,,2,,,
2025-12-06T15:39:53.631155,-23.0,-84.0,15.4,,4367840,464990,,2,,,
2025-12-06T15:39:56.738200,-23.0,-84.0,15.4,,4367840,464990,,2,,,
2025-12-06T15:39:59.772090,-23.0,-82.0,15.4,,4367840,464990,,2,,,
2025-12-06T15:40:02.860601,-23.0,-82.0,15.4,,4368098,464990,,2,,,
2025-12-06T15:40:06.504317,-23.0,-82.0,15.4,,4368098,464990,,2,,,
2025-12-06T15:40:09.622729,-23.0,-82.0,15.4,,4368098,464990,,2,,,
2025-12-06T15:40:12.760442,-23.0,-80.0,15.4,,4368098,464990,,2,,,
2025-12-06T15:40:15.850513,-23.0,-80.0,15.4,,4368098,464990,,2,,,
2025-12-06T15:40:19.215051,-23.0,-80.0,15.4,,4368098,464990,,2,,,
2025-12-06T15:40:22.298502,-23.0,-82.0,15.4,,4368098,464990,,2,,,
2025-12-06T15:40:25.419224,-23.0,-84.0,15.4,,4368098,464990,,2,,,
2025-12-06T15:40:28.409434,-23.0,-82.0,15.4,,4368098,464990,,2,,,
2025-12-06T15:40:31.517186,-24.0,-82.0,15.4,,4368270,464990,,2,,,
2025-12-06T15:40:34.751999,-23.0,-82.0,15.4,,4368356,464990,,2,,,
2025-12-06T15:40:37.811970,-23.0,-82.0,15.4,,4368356,464990,,2,,,
2025-12-06T15:40:40.902697,-23.0,-82.0,15.4,,4368356,464990,,2,,,
2025-12-06T15:40:44.052284,-23.0,-82.0,15.4,,4368356,464990,,2,,,
2025-12-06T15:40:47.405946,-23.0,-82.0,15.4,,4368356,464990,,2,,,
2025-12-06T15:40:50.529847,-23.0,-82.0,15.4,,4368356,464990,,2,,,
2025-12-06T15:40:53.591702,-24.0,-82.0,15.4,,4368528,464990,,2,,,
2025-12-06T15:40:56.679440,-22.0,-82.0,15.4,,4368614,464990,,2,,,
2025-12-06T15:41:00.219835,-24.0,-82.0,12.3,,4368786,464990,,2,,,
2025-12-06T15:41:03.312190,-22.0,-84.0,13.9,,4368872,464990,,2,,,
2025-12-06T15:41:06.434889,-24.0,-82.0,15.4,,4369130,464990,,2,,,
2025-12-06T15:41:09.433554,-24.0,-82.0,15.4,,4369130,464990,,2,,,
2025-12-06T15:41:13.006447,-24.0,-82.0,15.4,,4369130,464990,,2,,,
2025-12-06T15:41:15.999935,-24.0,-82.0,15.4,,4369130,464990,,2,,,
2025-12-06T15:41:19.086415,-24.0,-82.0,15.4,,4369130,464990,,2,,,
2025-12-06T15:41:22.163831,-23.0,-80.0,15.4,,4369302,464990,,2,,,
2025-12-06T15:41:25.821165,-22.0,-80.0,15.4,,4369388,464990,,2,,,
2025-12-06T15:41:28.900276,-22.0,-82.0,15.4,,4369388,464990,,2,,,
2025-12-06T15:41:31.898068,-22.0,-80.0,15.4,,4369388,464990,,2,,,
2025-12-06T15:41:34.896304,-22.0,-80.0,15.4,,4369388,464990,,2,,,
2025-12-06T15:41:38.591591,-39.0,-82.0,15.4,,4369474,464990,,2,,,
2025-12-06T15:41:41.741586,-22.0,-82.0,15.4,,4369646,464990,,2,,,
2025-12-06T15:41:44.830827,-22.0,-80.0,15.4,,4369646,464990,,2,,,
2025-12-06T15:41:47.925362,-22.0,-82.0,15.4,,4369646,464990,,2,,,
2025-12-06T15:41:51.558856,-22.0,-82.0,15.4,,4369646,464990,,2,,,
2025-12-06T15:41:54.672832,-22.0,-80.0,15.4,,4369646,464990,,2,,,
2025-12-06T15:41:57.780462,-22.0,-80.0,15.4,,4369646,464990,,2,,,
2025-12-06T15:42:00.880442,-22.0,-82.0,15.4,,4369818,464990,,2,,,
2025-12-06T15:42:04.456670,-23.0,-80.0,15.4,,4369904,464990,,2,,,
2025-12-06T15:42:07.479415,-23.0,-82.0,15.4,,4369990,464990,,2,,,
2025-12-06T15:42:10.583821,-21.0,-82.0,15.4,,4370162,464990,,2,,,
2025-12-06T15:42:13.632390,-21.0,-82.0,15.4,,4370162,464990,,2,,,
2025-12-06T15:42:17.353234,-21.0,-80.0,15.4,,4370162,464990,,2,,,
2025-12-06T15:42:20.352960,-21.0,-82.0,15.4,,4370162,464990,,2,,,
2025-12-06T15:42:23.414468,-21.0,-84.0,15.4,,4370162,464990,,2,,,
2025-12-06T15:42:26.471931,-21.0,-80.0,15.4,,4370162,464990,,2,,,
2025-12-06T15:42:30.079554,-21.0,-84.0,15.4,,4370162,464990,,2,,,
2025-12-06T15:42:33.184067,-21.0,-80.0,15.4,,4370162,464990,,2,,,
2025-12-06T15:42:36.315709,-21.0,-82.0,15.4,,4370162,464990,,2,,,
2025-12-06T15:42:39.371356,-21.0,-82.0,15.4,,4370162,464990,,2,,,
2025-12-06T15:42:42.913157,-22.0,-82.0,15.4,,4370334,465080,,2,,,
2025-12-06T15:42:46.608705,-24.0,-80.0,15.4,,4370506,465122,,2,,,
2025-12-06T15:42:49.637615,-23.0,-82.0,15.4,,4370506,465122,,2,,,
2025-12-06T15:42:52.721145,-23.0,-80.0,15.4,,4370506,465122,,2,,,
2025-12-06T15:42:56.371637,-23.0,-84.0,15.4,,4370506,465122,,2,,,
2025-12-06T15:42:59.471135,-22.0,-82.0,15.4,,4370630,465204,,2,,,
2025-12-06T15:43:02.492491,-22.0,-84.0,15.4,,4370630,465204,,2,,,
2025-12-06T15:43:05.556596,-24.0,-82.0,15.4,,4370974,465246,,2,,,
2025-12-06T15:43:09.255915,-24.0,-80.0,15.4,,4370974,465246,,2,,,
2025-12-06T15:43:12.285080,-42.0,-80.0,15.4,,4371404,465246,,2,,,
2025-12-06T15:43:15.283845,-24.0,-82.0,15.4,,4371490,465246,,2,,,
2025-12-06T15:43:18.313818,-24.0,-84.0,15.4,,4371490,465246,,2,,,
2025-12-06T15:43:21.797619,-24.0,-80.0,15.4,,4371490,465246,,2,,,
2025-12-06T15:43:24.880976,-24.0,-82.0,15.4,,4371490,465246,,2,,,
2025-12-06T15:43:27.836338,-24.0,-82.0,15.4,,4371490,465246,,2,,,
2025-12-06T15:43:30.937735,-24.0,-80.0,15.4,,4371490,465246,,2,,,
2025-12-06T15:43:34.331485,-23.0,-80.0,15.4,,4371748,465246,,2,,,
2025-12-06T15:43:37.413093,-24.0,-82.0,15.4,,4371748,465246,,2,,,
2025-12-06T15:43:40.575376,-24.0,-82.0,15.4,,4371748,465246,,2,,,
2025-12-06T15:43:43.609829,-24.0,-82.0,15.4,,4371748,465246,,2,,,
2025-12-06T15:43:46.826791,-24.0,-80.0,15.4,,4371748,465246,,2,,,
2025-12-06T15:43:49.874529,-24.0,-82.0,15.4,,4371834,465246,,2,,,
2025-12-06T15:43:52.992913,-24.0,-84.0,15.4,,4372006,465246,,2,,,
2025-12-06T15:43:56.072082,-24.0,-80.0,15.4,,4372006,465246,,2,,,
2025-12-06T15:43:59.304318,-24.0,-80.0,15.4,,4372006,465246,,2,,,
2025-12-06T15:44:02.516267,-24.0,-84.0,15.4,,4372006,465246,,2,,,
2025-12-06T15:44:05.565049,-24.0,-82.0,15.4,,4372006,465246,,2,,,
2025-12-06T15:44:08.675861,-24.0,-80.0,15.4,,4372006,465246,,2,,,
2025-12-06T15:44:11.777187,-22.0,-82.0,11.1,,4372092,465246,,2,,,
2025-12-06T15:44:15.122039,-24.0,-82.0,12.3,,4372522,465246,,2,,,
2025-12-06T15:44:18.193479,-24.0,-82.0,12.3,,4372522,465246,,2,,,
2025-12-06T15:44:21.309120,-24.0,-82.0,12.3,,4372522,465246,,2,,,
2025-12-06T15:44:24.367091,-24.0,-82.0,12.3,,4372522,465246,,2,,,
2025-12-06T15:44:27.820256,-24.0,-82.0,12.3,,4372522,465246,,2,,,
2025-12-06T15:44:30.883696,-24.0,-80.0,12.3,,4372522,465246,,2,,,
2025-12-06T15:44:33.974095,-24.0,-80.0,12.3,,4372522,465260,,2,,,
2025-12-06T15:44:37.263187,-24.0,-80.0,12.3,,4372522,465260,,2,,,
2025-12-06T15:44:40.729591,-24.0,-80.0,12.3,,4372522,465260,,2,,,
2025-12-06T15:44:43.831935,-24.0,-82.0,12.3,,4372522,465260,,2,,,
2025-12-06T15:44:46.972166,-24.0,-80.0,12.3,,4372522,465260,,2,,,
2025-12-06T15:44:50.082409,-24.0,-82.0,12.3,,4372522,465260,,2,,,
2025-12-06T15:44:53.666585,-22.0,-82.0,12.3,,4372608,465260,,2,,,
2025-12-06T15:44:56.776553,-23.0,-82.0,12.3,,4372780,465260,,2,,,
2025-12-06T15:44:59.782977,-23.0,-82.0,12.3,,4372780,465260,,2,,,
2025-12-06T15:45:02.895045,-23.0,-80.0,12.3,,4372780,465260,,2,,,
2025-12-06T15:45:06.460239,-23.0,-82.0,12.3,,4372780,465260,,2,,,
2025-12-06T15:45:09.501877,-23.0,-82.0,12.3,,4372780,465260,,2,,,
2025-12-06T15:45:12.550755,-23.0,-82.0,12.3,,4372780,465260,,2,,,
2025-12-06T15:45:15.580348,-23.0,-82.0,12.3,,4372952,465260,,2,,,
2025-12-06T15:45:19.216578,-24.0,-80.0,13.9,,4373296,465260,,2,,,
2025-12-06T15:45:22.332736,-23.0,-84.0,13.9,,4373382,465260,,2,,,
2025-12-06T15:45:25.426612,-24.0,-86.0,13.9,,4373554,465260,,2,,,
2025-12-06T15:45:28.576407,-22.0,-80.0,13.9,,4373936,465602,,2,,,
2025-12-06T15:45:32.210136,-22.0,-82.0,13.9,,4374108,465686,,2,,,
2025-12-06T15:45:35.239682,-22.0,-82.0,13.9,,4374108,465686,,2,,,
2025-12-06T15:45:38.322251,-22.0,-82.0,13.9,,4374108,465686,,2,,,
2025-12-06T15:45:41.453001,-22.0,-82.0,13.9,,4374108,465686,,2,,,
2025-12-06T15:45:45.159045,-24.0,-80.0,13.9,,4374280,465686,,2,,,
2025-12-06T15:45:48.314454,-22.0,-84.0,13.9,,4374366,465686,,2,,,
2025-12-06T15:45:51.383058,-22.0,-80.0,13.9,,4374366,465686,,2,,,
2025-12-06T15:45:54.418107,-22.0,-82.0,13.9,,4374366,465686,,2,,,
2025-12-06T15:45:57.969851,-22.0,-82.0,13.9,,4374366,465686,,2,,,
2025-12-06T15:46:01.049442,-42.0,-82.0,13.9,,4374452,465686,,2,,,
2025-12-06T15:46:04.318932,-22.0,-82.0,13.9,,4374624,465686,,2,,,
2025-12-06T15:46:07.360084,-22.0,-82.0,13.9,,4374624,465686,,2,,,
2025-12-06T15:46:11.094471,-22.0,-84.0,13.9,,4374624,465686,,2,,,
2025-12-06T15:46:14.129415,-22.0,-82.0,13.9,,4374624,465686,,2,,,
2025-12-06T15:46:17.133447,-22.0,-82.0,13.9,,4374624,465686,,2,,,
2025-12-06T15:46:20.176451,-23.0,-80.0,11.1,,4374796,465686,,2,,,
2025-12-06T15:46:23.771783,-24.0,-84.0,15.4,,4375054,465686,,2,,,
2025-12-06T15:46:26.835222,-24.0,-82.0,15.4,,4375140,465686,,2,,,
2025-12-06T15:46:29.983298,-24.0,-82.0,15.4,,4375140,465686,,2,,,
2025-12-06T15:46:33.094361,-24.0,-82.0,15.4,,4375140,465686,,2,,,
2025-12-06T15:46:36.914358,-24.0,-80.0,15.4,,4375140,465686,,2,,,
2025-12-06T15:46:40.050111,-24.0,-82.0,15.4,,4375140,465686,,2,,,
2025-12-06T15:46:43.158145,-24.0,-82.0,15.4,,4375140,465686,,2,,,
2025-12-06T15:46:46.155934,-24.0,-82.0,15.4,,4375140,465686,,2,,,
2025-12-06T15:46:49.743612,-24.0,-84.0,15.4,,4375140,465686,,2,,,
2025-12-06T15:46:52.874960,-24.0,-80.0,15.4,,4375140,465686,,2,,,
2025-12-06T15:46:55.933310,-24.0,-82.0,15.4,,4375140,465686,,2,,,
2025-12-06T15:46:59.053321,-24.0,-82.0,15.4,,4375140,465686,,2,,,
2025-12-06T15:47:02.697554,-24.0,-82.0,15.4,,4375140,465686,,2,,,
2025-12-06T15:47:05.791790,-22.0,-82.0,15.4,,4375312,465866,,2,,,
2025-12-06T15:47:08.896062,-22.0,-82.0,15.4,,4375484,465908,,2,,,
2025-12-06T15:47:11.957082,-23.0,-82.0,15.4,,4375484,465908,,2,,,
2025-12-06T15:47:15.673918,-23.0,-82.0,15.4,,4375484,465908,,2,,,
2025-12-06T15:47:18.773783,-23.0,-82.0,15.4,,4375484,465908,,2,,,
2025-12-06T15:47:21.823889,-23.0,-82.0,15.4,,4375868,466154,,2,,,
2025-12-06T15:47:24.847763,-24.0,-82.0,15.4,,4376212,466196,,2,,,
2025-12-06T15:47:28.518575,-22.0,-84.0,15.4,,4376470,466196,,2,,,
2025-12-06T15:47:31.696975,-22.0,-80.0,15.4,,4376470,466196,,2,,,
2025-12-06T15:47:34.711714,-22.0,-82.0,15.4,,4376642,466196,,2,,,
2025-12-06T15:47:37.778810,-23.0,-82.0,15.4,,4376728,466196,,2,,,
2025-12-06T15:47:41.408282,-23.0,-82.0,15.4,,4376728,466196,,2,,,
2025-12-06T15:47:44.533830,-23.0,-82.0,15.4,,4376728,466196,,2,,,
2025-12-06T15:47:47.594697,-23.0,-82.0,15.4,,4376728,466196,,2,,,
2025-12-06T15:47:50.565151,-23.0,-82.0,15.4,,4376728,466196,,2,,,
2025-12-06T15:47:54.137144,-23.0,-84.0,15.4,,4376728,466196,,2,,,
2025-12-06T15:47:57.133463,-22.0,-82.0,15.4,,4376986,466196,,2,,,
2025-12-06T15:48:00.220877,-24.0,-82.0,15.4,,4376986,466196,,2,,,
2025-12-06T15:48:03.317001,-24.0,-82.0,15.4,,4376986,466196,,2,,,
2025-12-06T15:48:06.790409,-24.0,-82.0,15.4,,4376986,466196,,2,,,
2025-12-06T15:48:09.797131,-24.0,-84.0,15.4,,4376986,466196,,2,,,
2025-12-06T15:48:12.763992,-23.0,-82.0,15.4,,4377072,466196,,2,,,
2025-12-06T15:48:15.809732,-23.0,-82.0,15.4,,4377244,466196,,2,,,
2025-12-06T15:48:19.036012,-23.0,-78.0,15.4,,4377244,466196,,2,,,
2025-12-06T15:48:22.098941,-23.0,-80.0,15.4,,4377244,466196,,2,,,
2025-12-06T15:48:25.094986,-23.0,-82.0,15.4,,4377244,466196,,2,,,
2025-12-06T15:48:28.179769,-22.0,-82.0,15.4,,4377502,466196,,2,,,
2025-12-06T15:48:31.292390,-22.0,-84.0,13.9,,4377502,466196,,2,,,
2025-12-06T15:48:34.604199,-22.0,-80.0,15.4,,4377588,466196,,2,,,
2025-12-06T15:48:37.602944,-23.0,-82.0,15.4,,4377760,466196,,2,,,
2025-12-06T15:48:40.637856,-23.0,-80.0,15.4,,4377760,466196,,2,,,
2025-12-06T15:48:43.707778,-23.0,-80.0,15.4,,4377760,466196,,2,,,
2025-12-06T15:48:47.108381,-23.0,-80.0,15.4,,4377760,466196,,2,,,
2025-12-06T15:48:50.208599,-23.0,-82.0,15.4,,4377760,466196,,2,,,
2025-12-06T15:48:53.256793,-23.0,-80.0,15.4,,4377760,466196,,2,,,
2025-12-06T15:48:56.294184,-23.0,-82.0,15.4,,4377760,466196,,2,,,
2025-12-06T15:48:59.809756,-23.0,-80.0,15.4,,4377760,466196,,2,,,
2025-12-06T15:49:02.861918,-23.0,-82.0,15.4,,4377760,466196,,2,,,
2025-12-06T15:49:05.864686,-23.0,-82.0,15.4,,4377760,466196,,2,,,
2025-12-06T15:49:08.894390,-23.0,-80.0,15.4,,4377760,466196,,2,,,
2025-12-06T15:49:12.497245,-23.0,-80.0,15.4,,4377760,466196,,2,,,
2025-12-06T15:49:15.615489,-23.0,-80.0,15.4,,4377846,466196,,2,,,
2025-12-06T15:49:18.651782,-22.0,-82.0,15.4,,4378018,466196,,2,,,
2025-12-06T15:49:21.672665,-22.0,-82.0,15.4,,4378018,466196,,2,,,
2025-12-06T15:49:25.336013,-22.0,-80.0,15.4,,4378018,466196,,2,,,
2025-12-06T15:49:28.365281,-22.0,-84.0,15.4,,4378018,466196,,2,,,
2025-12-06T15:49:31.380442,-24.0,-80.0,12.3,,4378276,466210,,2,,,
2025-12-06T15:49:34.459644,-22.0,-80.0,12.3,,4378276,466210,,2,,,
2025-12-06T15:49:38.029858,-22.0,-86.0,12.3,,4378448,466210,,2,,,
2025-12-06T15:49:41.064229,-22.0,-82.0,12.3,,4378534,466210,,2,,,
2025-12-06T15:49:44.113899,-22.0,-82.0,12.3,,4378534,466210,,2,,,
2025-12-06T15:49:47.060694,-23.0,-80.0,12.3,,4378792,466210,,2,,,
2025-12-06T15:49:50.766378,-23.0,-82.0,12.3,,4378792,466210,,2,,,
2025-12-06T15:49:53.855624,-23.0,-80.0,12.3,,4378792,466210,,2,,,
2025-12-06T15:49:56.979080,-23.0,-80.0,12.3,,4378792,466210,,2,,,
2025-12-06T15:50:00.224556,-23.0,-82.0,12.3,,4378792,466210,,2,,,
2025-12-06T15:50:04.040013,-23.0,-80.0,12.3,,4378792,466210,,2,,,
2025-12-06T15:50:07.186779,-23.0,-84.0,12.3,,4378964,466210,,2,,,
2025-12-06T15:50:10.243905,-22.0,-82.0,12.3,,4379050,466210,,2,,,
2025-12-06T15:50:13.290636,-22.0,-82.0,12.3,,4379050,466210,,2,,,
2025-12-06T15:50:16.816492,-22.0,-82.0,12.3,,4379050,466210,,2,,,
2025-12-06T15:50:19.875915,-22.0,-82.0,12.3,,4379050,466210,,2,,,
2025-12-06T15:50:22.905943,-22.0,-82.0,12.3,,4379050,466210,,2,,,
2025-12-06T15:50:25.935600,-24.0,-82.0,12.3,,4379308,466210,,2,,,
2025-12-06T15:50:29.354263,-24.0,-80.0,12.3,,4379308,466210,,2,,,
2025-12-06T15:50:32.480638,-24.0,-84.0,12.3,,4379394,466210,,2,,,
2025-12-06T15:50:35.536595,-22.0,-84.0,13.9,,4379566,466210,,2,,,
2025-12-06T15:50:38.596333,-22.0,-80.0,13.9,,4379566,466210,,2,,,
2025-12-06T15:50:41.884661,-22.0,-80.0,13.9,,4379566,466210,,2,,,
2025-12-06T15:50:44.840871,-22.0,-82.0,13.9,,4379566,466210,,2,,,
2025-12-06T15:50:47.925495,-22.0,-84.0,15.4,,4379824,466210,,2,,,
2025-12-06T15:50:50.984036,-22.0,-80.0,15.4,,4379824,466210,,2,,,
2025-12-06T15:50:54.199094,-22.0,-78.0,15.4,,4379824,466210,,2,,,
2025-12-06T15:50:57.255617,-22.0,-82.0,15.4,,4379824,466210,,2,,,
2025-12-06T15:51:00.283316,-22.0,-82.0,15.4,,4379824,466210,,2,,,
2025-12-06T15:51:03.337953,-22.0,-82.0,15.4,,4379824,466210,,2,,,
2025-12-06T15:51:06.511000,-22.0,-80.0,15.4,,4379824,466210,,2,,,
2025-12-06T15:51:09.756334,-22.0,-82.0,15.4,,4379824,466210,,2,,,
2025-12-06T15:51:12.858576,-22.0,-82.0,15.4,,4379824,466210,,2,,,
2025-12-06T15:51:15.887780,-22.0,-82.0,15.4,,4379824,466210,,2,,,
2025-12-06T15:51:18.974862,-22.0,-82.0,15.4,,4379824,466210,,2,,,
2025-12-06T15:51:22.278243,-22.0,-84.0,15.4,,4379824,466210,,2,,,
2025-12-06T15:51:25.308737,-22.0,-84.0,15.4,,4379824,466210,,2,,,
2025-12-06T15:51:28.337729,-23.0,-82.0,15.4,,4379996,466210,,2,,,
2025-12-06T15:51:31.361706,-22.0,-82.0,15.4,,4380082,466210,,2,,,
2025-12-06T15:51:34.757399,-24.0,-82.0,15.4,,4380082,466300,,2,,,
2025-12-06T15:51:37.761139,-24.0,-84.0,12.5,,4380340,466300,,2,,,
2025-12-06T15:51:40.784405,-23.0,-82.0,12.5,,4380426,466342,,2,,,
2025-12-06T15:51:43.905221,-23.0,-80.0,12.5,,4380426,466342,,2,,,
2025-12-06T15:51:47.475711,-23.0,-82.0,12.5,,4380426,466342,,2,,,
2025-12-06T15:51:50.581831,-23.0,-82.0,15.4,,4380684,466342,,2,,,
2025-12-06T15:51:53.612894,-22.0,-82.0,13.9,,4380998,466506,,2,,,
2025-12-06T15:51:56.658476,-22.0,-82.0,13.9,,4381256,466548,,2,,,
2025-12-06T15:52:00.456573,-22.0,-82.0,15.4,,4381342,466548,,2,,,
2025-12-06T15:52:03.497258,-22.0,-84.0,15.4,,4381342,466548,,2,,,
2025-12-06T15:52:06.488072,-22.0,-84.0,15.4,,4381342,466548,,2,,,
2025-12-06T15:52:09.497748,-22.0,-82.0,15.4,,4381342,466548,,2,,,
2025-12-06T15:52:13.037443,-22.0,-82.0,15.4,,4381342,466548,,2,,,
2025-12-06T15:52:16.112385,-22.0,-84.0,15.4,,4381342,466548,,2,,,
2025-12-06T15:52:19.217081,-22.0,-82.0,13.9,,4381514,466548,,2,,,
2025-12-06T15:52:22.212400,-22.0,-82.0,13.9,,4381600,466548,,2,,,
2025-12-06T15:52:25.757929,-22.0,-82.0,13.9,,4381600,466548,,2,,,
2025-12-06T15:52:28.845581,-22.0,-82.0,13.9,,4381600,466548,,2,,,
2025-12-06T15:52:31.880904,-22.0,-82.0,13.9,,4381600,466548,,2,,,
2025-12-06T15:52:34.965728,-23.0,-80.0,13.9,,4381686,466548,,2,,,
2025-12-06T15:52:38.661085,-23.0,-82.0,13.9,,4381944,466548,,2,,,
2025-12-06T15:52:41.672834,-23.0,-82.0,13.9,,4382116,466548,,2,,,
2025-12-06T15:52:44.741974,-23.0,-82.0,13.9,,4382116,466548,,2,,,
2025-12-06T15:52:47.977070,-23.0,-80.0,13.9,,4382116,466548,,2,,,
2025-12-06T15:52:51.802059,-23.0,-82.0,13.9,,4382116,466548,,2,,,
2025-12-06T15:52:54.942728,-23.0,-82.0,13.9,,4382116,466548,,2,,,
2025-12-06T15:52:58.008449,-22.0,-82.0,13.9,,4382288,466548,,2,,,
2025-12-06T15:53:01.182260,-22.0,-82.0,13.9,,4382374,466548,,2,,,
2025-12-06T15:53:04.998239,-22.0,-82.0,13.9,,4382374,466548,,2,,,
2025-12-06T15:53:07.989044,-22.0,-84.0,13.9,,4382374,466548,,2,,,
2025-12-06T15:53:11.024881,-22.0,-84.0,13.9,,4382374,466548,,2,,,
2025-12-06T15:53:14.059751,-22.0,-80.0,13.9,,4382374,466548,,2,,,
2025-12-06T15:53:17.641326,-22.0,-82.0,13.9,,4382374,466548,,2,,,
2025-12-06T15:53:20.776719,-22.0,-80.0,13.9,,4382374,466548,,2,,,
2025-12-06T15:53:23.895733,-22.0,-82.0,13.9,,4382374,466548,,2,,,
2025-12-06T15:53:26.961002,-22.0,-82.0,13.9,,4382374,466548,,2,,,
2025-12-06T15:53:31.099166,-22.0,-82.0,13.9,,4382374,466548,,2,,,
2025-12-06T15:53:34.155818,-22.0,-82.0,13.9,,4382374,466548,,2,,,
2025-12-06T15:53:37.397518,-22.0,-84.0,13.9,,4382374,466548,,2,,,
2025-12-06T15:53:40.451249,-23.0,-80.0,13.9,,4382632,466548,,2,,,
2025-12-06T15:53:44.058439,-24.0,-82.0,15.4,,4382890,466548,,2,,,
2025-12-06T15:53:47.083324,-22.0,-82.0,15.4,,4382890,466548,,2,,,
2025-12-06T15:53:50.118140,-22.0,-82.0,15.4,,4382890,466548,,2,,,
2025-12-06T15:53:53.169719,-22.0,-80.0,15.4,,4382890,466548,,2,,,
2025-12-06T15:53:56.776530,-22.0,-82.0,15.4,,4382890,466548,,2,,,
2025-12-06T15:54:00.018594,-22.0,-82.0,15.4,,4382976,466548,,2,,,
2025-12-06T15:54:03.137773,-22.0,-82.0,15.4,,4383148,466548,,2,,,
2025-12-06T15:54:06.260843,-22.0,-80.0,15.4,,4383148,466548,,2,,,
2025-12-06T15:54:09.791623,-23.0,-82.0,13.9,,4383406,466548,,2,,,
2025-12-06T15:54:12.864108,-23.0,-82.0,13.9,,4383406,466548,,2,,,
2025-12-06T15:54:15.988200,-23.0,-80.0,13.9,,4383406,466548,,2,,,
2025-12-06T15:54:19.036512,-23.0,-80.0,13.9,,4383406,466548,,2,,,
2025-12-06T15:54:22.702002,-23.0,-82.0,13.9,,4383406,466548,,2,,,
2025-12-06T15:54:25.784456,-23.0,-80.0,13.9,,4383406,466548,,2,,,
2025-12-06T15:54:28.842679,-23.0,-82.0,13.9,,4383492,466548,,2,,,
2025-12-06T15:54:31.891617,-24.0,-82.0,13.9,,4383664,466562,,2,,,
2025-12-06T15:54:35.434201,-24.0,-82.0,13.9,,4383664,466562,,2,,,
2025-12-06T15:54:38.513769,-24.0,-84.0,13.9,,4383664,466562,,2,,,
2025-12-06T15:54:41.586131,-24.0,-80.0,13.9,,4383664,466562,,2,,,
2025-12-06T15:54:44.599940,-24.0,-80.0,13.9,,4383750,466562,,2,,,
2025-12-06T15:54:48.198782,-23.0,-80.0,13.9,,4384180,466562,,2,,,
2025-12-06T15:54:51.235326,-24.0,-82.0,13.9,,4384180,466562,,2,,,
2025-12-06T15:54:54.318494,-24.0,-82.0,13.9,,4384180,466562,,2,,,
2025-12-06T15:54:57.462348,-24.0,-80.0,13.9,,4384180,466562,,2,,,
2025-12-06T15:55:00.972132,-24.0,-84.0,13.9,,4384180,466562,,2,,,
2025-12-06T15:55:04.098725,-24.0,-82.0,13.9,,4384180,466562,,2,,,
2025-12-06T15:55:07.252116,-24.0,-84.0,13.9,,4384180,466562,,2,,,
2025-12-06T15:55:10.276909,-24.0,-82.0,15.4,,4384438,466562,,2,,,
2025-12-06T15:55:13.747516,-24.0,-80.0,15.4,,4384438,466562,,2,,,
2025-12-06T15:55:16.754680,-24.0,-82.0,15.4,,4384438,466562,,2,,,
2025-12-06T15:55:19.815960,-24.0,-80.0,15.4,,4384438,466562,,2,,,
2025-12-06T15:55:22.878169,-24.0,-84.0,15.4,,4384438,466562,,2,,,
2025-12-06T15:55:26.222221,-24.0,-80.0,15.4,,4384438,466562,,2,,,
2025-12-06T15:55:29.238456,-24.0,-82.0,15.4,,4384438,466562,,2,,,
2025-12-06T15:55:32.357622,-24.0,-82.0,15.4,,4384438,466562,,2,,,
2025-12-06T15:55:35.380210,-24.0,-82.0,15.4,,4384438,466562,,2,,,
2025-12-06T15:55:38.604494,-24.0,-80.0,15.4,,4384438,466562,,2,,,
2025-12-06T15:55:41.685220,-24.0,-82.0,15.4,,4384438,466562,,2,,,
2025-12-06T15:55:44.717926,-24.0,-84.0,15.4,,4384438,466562,,2,,,
2025-12-06T15:55:47.746024,-24.0,-80.0,15.4,,4384438,466562,,2,,,
2025-12-06T15:55:50.789874,-24.0,-82.0,15.4,,4384868,466562,,2,,,
2025-12-06T15:55:54.018692,-22.0,-84.0,12.3,,4384954,466562,,2,,,
2025-12-06T15:55:57.103804,-22.0,-82.0,12.3,,4384954,466562,,2,,,
2025-12-06T15:56:00.155279,-22.0,-82.0,12.3,,4384954,466562,,2,,,
2025-12-06T15:56:03.247787,-22.0,-80.0,12.3,,4384954,466652,,2,,,
2025-12-06T15:56:06.616910,-22.0,-82.0,12.3,,4384954,466652,,2,,,
2025-12-06T15:56:09.638673,-23.0,-82.0,12.3,,4385040,466694,,2,,,
2025-12-06T15:56:12.650564,-24.0,-84.0,12.3,,4385212,466694,,2,,,
2025-12-06T15:56:15.611782,-22.0,-80.0,12.5,,4385298,466694,,2,,,
2025-12-06T15:56:19.103205,-24.0,-82.0,13.9,,4385470,466694,,2,,,
2025-12-06T15:56:22.190228,-22.0,-82.0,13.9,,4385870,466948,,2,,,
2025-12-06T15:56:25.255471,-23.0,-84.0,13.9,,4385956,466990,,2,,,
2025-12-06T15:56:28.339313,-23.0,-80.0,13.9,,4385956,466990,,2,,,
2025-12-06T15:56:31.901922,-23.0,-80.0,13.9,,4385956,466990,,2,,,
2025-12-06T15:56:34.937922,-23.0,-82.0,13.9,,4385956,466990,,2,,,
2025-12-06T15:56:37.958288,-22.0,-78.0,15.4,,4386216,467154,,2,,,
2025-12-06T15:56:41.058970,-24.0,-82.0,15.4,,4386474,467196,,2,,,
2025-12-06T15:56:44.720347,-22.0,-80.0,15.4,,4386560,467196,,2,,,
2025-12-06T15:56:47.778688,-22.0,-82.0,15.4,,4386560,467196,,2,,,
2025-12-06T15:56:50.806102,-22.0,-82.0,15.4,,4386560,467196,,2,,,
2025-12-06T15:56:53.987535,-22.0,-80.0,15.4,,4386818,467196,,2,,,
2025-12-06T15:56:57.562273,-42.0,-84.0,15.4,,4386904,467196,,2,,,
2025-12-06T15:57:00.665862,-23.0,-84.0,15.4,,4387076,467196,,2,,,
2025-12-06T15:57:03.801029,-23.0,-82.0,15.4,,4387076,467196,,2,,,
2025-12-06T15:57:07.005792,-23.0,-82.0,15.4,,4387076,467196,,2,,,
2025-12-06T15:57:10.653703,-23.0,-84.0,15.4,,4387076,467196,,2,,,
2025-12-06T15:57:13.705935,-23.0,-82.0,15.4,,4387076,467196,,2,,,
2025-12-06T15:57:16.723324,-23.0,-80.0,15.4,,4387076,467196,,2,,,
2025-12-06T15:57:19.843094,-23.0,-80.0,15.4,,4387248,467196,,2,,,
2025-12-06T15:57:23.480569,-24.0,-80.0,15.4,,4387334,467196,,2,,,
2025-12-06T15:57:26.659722,-24.0,-82.0,15.4,,4387334,467196,,2,,,
2025-12-06T15:57:29.659387,-24.0,-84.0,15.4,,4387334,467196,,2,,,
2025-12-06T15:57:32.659043,-24.0,-82.0,15.4,,4387334,467196,,2,,,
2025-12-06T15:57:36.261268,-24.0,-84.0,15.4,,4387334,467196,,2,,,
2025-12-06T15:57:39.358462,-24.0,-82.0,15.4,,4387334,467196,,2,,,
2025-12-06T15:57:42.499784,-24.0,-84.0,15.4,,4387334,467196,,2,,,
2025-12-06T15:57:45.596592,-24.0,-80.0,15.4,,4387334,467196,,2,,,
2025-12-06T15:57:49.261570,-24.0,-82.0,15.4,,4387334,467196,,2,,,
2025-12-06T15:57:52.280846,-24.0,-82.0,15.4,,4387334,467196,,2,,,
2025-12-06T15:57:55.339367,-23.0,-82.0,15.4,,4387420,467196,,2,,,
2025-12-06T15:57:58.360954,-23.0,-82.0,11.1,,4387592,467196,,2,,,
2025-12-06T15:58:02.260686,-22.0,-82.0,12.5,,4387764,467196,,2,,,
2025-12-06T15:58:05.265683,-24.0,-84.0,12.5,,4387850,467196,,2,,,
2025-12-06T15:58:08.298628,-24.0,-84.0,12.5,,4387850,467196,,2,,,
2025-12-06T15:58:11.318241,-24.0,-82.0,12.5,,4387850,467196,,2,,,
2025-12-06T15:58:15.003299,-24.0,-82.0,12.5,,4387850,467196,,2,,,
2025-12-06T15:58:18.079923,-24.0,-82.0,12.5,,4387850,467196,,2,,,
2025-12-06T15:58:21.075813,-24.0,-82.0,12.5,,4387850,467196,,2,,,
2025-12-06T15:58:24.077329,-23.0,-80.0,15.4,,4388108,467196,,2,,,
2025-12-06T15:58:27.802311,-23.0,-82.0,15.4,,4388108,467196,,2,,,
2025-12-06T15:58:30.909929,-22.0,-82.0,12.5,,4388280,467196,,2,,,
2025-12-06T15:58:33.998532,-22.0,-82.0,12.5,,4388366,467196,,2,,,
2025-12-06T15:58:37.186927,-22.0,-80.0,12.5,,4388366,467196,,2,,,
2025-12-06T15:58:40.884745,-22.0,-82.0,12.5,,4388366,467196,,2,,,
2025-12-06T15:58:43.965662,-22.0,-82.0,12.5,,4388366,467196,,2,,,
2025-12-06T15:58:47.006678,-22.0,-82.0,12.5,,4388366,467196,,2,,,
2025-12-06T15:58:49.983999,-22.0,-82.0,12.5,,4388366,467196,,2,,,
2025-12-06T15:58:53.464878,-24.0,-84.0,13.9,,4388624,467196,,2,,,
2025-12-06T15:58:56.483380,-24.0,-82.0,13.9,,4388624,467196,,2,,,
2025-12-06T15:58:59.558268,-23.0,-84.0,13.9,,4388796,467196,,2,,,
2025-12-06T15:59:02.636834,-24.0,-82.0,13.9,,4388882,467196,,2,,,
2025-12-06T15:59:06.026095,-24.0,-82.0,13.9,,4388882,467196,,2,,,
2025-12-06T15:59:09.099262,-24.0,-82.0,13.9,,4388968,467196,,2,,,
2025-12-06T15:59:12.201521,-22.0,-82.0,11.1,,4389140,467196,,2,,,
2025-12-06T15:59:15.278290,-22.0,-82.0,11.1,,4389140,467196,,2,,,
2025-12-06T15:59:18.496498,-22.0,-80.0,11.1,,4389140,467196,,2,,,
2025-12-06T15:59:21.619225,-22.0,-84.0,11.1,,4389140,467196,,2,,,
2025-12-06T15:59:24.594313,-22.0,-82.0,11.1,,4389140,467196,,2,,,
2025-12-06T15:59:27.620231,-22.0,-82.0,11.1,,4389140,467196,,2,,,
2025-12-06T15:59:30.813417,-24.0,-82.0,11.1,,4389226,467210,,2,,,
2025-12-06T15:59:33.979493,-24.0,-80.0,11.1,,4389398,467210,,2,,,
2025-12-06T15:59:37.140435,-24.0,-82.0,11.1,,4389398,467210,,2,,,
2025-12-06T15:59:40.124223,-24.0,-84.0,11.1,,4389398,467210,,2,,,
2025-12-06T15:59:43.284457,-24.0,-82.0,11.1,,4389398,467210,,2,,,
2025-12-06T15:59:46.345931,-24.0,-80.0,11.1,,4389398,467210,,2,,,
2025-12-06T15:59:49.444897,-24.0,-82.0,11.1,,4389398,467210,,2,,,
2025-12-06T15:59:52.475947,-24.0,-82.0,11.1,,4389398,467210,,2,,,
2025-12-06T15:59:55.717237,-24.0,-82.0,11.1,,4389398,467210,,2,,,
2025-12-06T15:59:59.198729,-24.0,-82.0,11.1,,4389398,467210,,2,,,
2025-12-06T16:00:02.457028,-23.0,-82.0,12.5,,4389570,467210,,2,,,
2025-12-06T16:00:05.421054,-22.0,-82.0,13.9,,4389656,467210,,2,,,
2025-12-06T16:00:08.720094,-22.0,-84.0,13.9,,4389656,467210,,2,,,
2025-12-06T16:00:11.775175,-22.0,-80.0,13.9,,4389742,467210,,2,,,
2025-12-06T16:00:14.867276,-22.0,-82.0,12.3,,4389914,467210,,2,,,
2025-12-06T16:00:17.902878,-22.0,-82.0,12.3,,4389914,467210,,2,,,
2025-12-06T16:00:21.074739,-22.0,-82.0,12.3,,4389914,467210,,2,,,
2025-12-06T16:00:24.064319,-22.0,-80.0,12.3,,4389914,467210,,2,,,
2025-12-06T16:00:27.228512,-22.0,-82.0,12.3,,4389914,467210,,2,,,
2025-12-06T16:00:30.244948,-22.0,-82.0,12.3,,4389914,467210,,2,,,
2025-12-06T16:00:33.453589,-22.0,-80.0,12.3,,4390000,467210,,2,,,
2025-12-06T16:00:36.498576,-24.0,-82.0,12.5,,4390172,467210,,2,,,
2025-12-06T16:00:39.544338,-24.0,-82.0,12.5,,4390172,467210,,2,,,
2025-12-06T16:00:42.584545,-22.0,-80.0,12.5,,4390344,467210,,2,,,
2025-12-06T16:00:45.739077,-24.0,-82.0,12.5,,4390430,467210,,2,,,
2025-12-06T16:00:48.914429,-24.0,-82.0,12.5,,4390430,467210,,2,,,
2025-12-06T16:00:51.915648,-24.0,-82.0,12.5,,4390430,467210,,2,,,
2025-12-06T16:00:54.945801,-24.0,-82.0,12.5,,4390430,467300,,2,,,
2025-12-06T16:00:58.007137,-24.0,-82.0,12.5,,4390430,467300,,2,,,
2025-12-06T16:01:01.491966,-22.0,-80.0,12.5,,4390516,467342,,2,,,
2025-12-06T16:01:04.525804,-24.0,-82.0,12.5,,4390860,467342,,2,,,
2025-12-06T16:01:07.610338,-22.0,-84.0,13.9,,4391032,467342,,2,,,
2025-12-06T16:01:10.609146,-23.0,-82.0,15.4,,4391156,467424,,2,,,
2025-12-06T16:01:14.045897,-23.0,-82.0,15.4,,4391156,467424,,2,,,
2025-12-06T16:01:17.120910,-23.0,-84.0,15.4,,4391242,467466,,2,,,
2025-12-06T16:01:20.147787,-23.0,-78.0,15.4,,4391328,467466,,2,,,
2025-12-06T16:01:23.184218,-24.0,-80.0,15.4,,4391500,467466,,2,,,
2025-12-06T16:01:26.721747,-24.0,-82.0,15.4,,4391500,467466,,2,,,
2025-12-06T16:01:29.750321,-24.0,-82.0,15.4,,4391500,467466,,2,,,
2025-12-06T16:01:32.808374,-24.0,-84.0,15.4,,4391500,467466,,2,,,
2025-12-06T16:01:35.777010,-24.0,-80.0,15.4,,4391500,467466,,2,,,
2025-12-06T16:01:39.369068,-24.0,-84.0,15.4,,4391500,467466,,2,,,
2025-12-06T16:01:42.443564,-23.0,-84.0,15.4,,4391586,467466,,2,,,
2025-12-06T16:01:45.470103,-23.0,-82.0,15.4,,4391758,467466,,2,,,
2025-12-06T16:01:48.622078,-23.0,-80.0,15.4,,4391758,467466,,2,,,
2025-12-06T16:01:52.284179,-23.0,-82.0,15.4,,4391758,467466,,2,,,
2025-12-06T16:01:55.321237,-23.0,-84.0,15.4,,4391758,467466,,2,,,
2025-12-06T16:01:58.406042,-23.0,-82.0,15.4,,4391758,467466,,2,,,
2025-12-06T16:02:01.462524,-23.0,-80.0,15.4,,4391758,467466,,2,,,
2025-12-06T16:02:05.114259,-23.0,-82.0,15.4,,4391758,467466,,2,,,
2025-12-06T16:02:08.204860,-24.0,-82.0,15.4,,4391844,467466,,2,,,
2025-12-06T16:02:11.220868,-22.0,-84.0,15.4,,4392016,467466,,2,,,
2025-12-06T16:02:14.269371,-22.0,-78.0,15.4,,4392016,467466,,2,,,
2025-12-06T16:02:17.839285,-22.0,-82.0,15.4,,4392016,467466,,2,,,
2025-12-06T16:02:20.872804,-22.0,-80.0,15.4,,4392016,467466,,2,,,
2025-12-06T16:02:23.913854,-22.0,-82.0,15.4,,4392188,467466,,2,,,
2025-12-06T16:02:26.963018,-23.0,-80.0,15.4,,4392274,467466,,2,,,
2025-12-06T16:02:30.560394,-23.0,-82.0,15.4,,4392274,467466,,2,,,
2025-12-06T16:02:33.747742,-23.0,-82.0,15.4,,4392274,467466,,2,,,
2025-12-06T16:02:36.890245,-23.0,-84.0,15.4,,4392274,467466,,2,,,
2025-12-06T16:02:39.953172,-23.0,-82.0,15.4,,4392274,467466,,2,,,
2025-12-06T16:02:43.583558,-23.0,-80.0,15.4,,4392274,467466,,2,,,
2025-12-06T16:02:46.591714,-22.0,-82.0,15.4,,4392532,467466,,2,,,
2025-12-06T16:02:49.646884,-22.0,-82.0,15.4,,4392532,467466,,2,,,
2025-12-06T16:02:52.712289,-22.0,-82.0,15.4,,4392704,467466,,2,,,
2025-12-06T16:02:56.362540,-22.0,-84.0,15.4,,4392790,467466,,2,,,
2025-12-06T16:02:59.441845,-22.0,-82.0,15.4,,4392790,467466,,2,,,
2025-12-06T16:03:02.681140,-22.0,-82.0,15.4,,4392790,467466,,2,,,
2025-12-06T16:03:05.748936,-22.0,-84.0,15.4,,4392790,467466,,2,,,
2025-12-06T16:03:09.324480,-22.0,-82.0,15.4,,4392790,467466,,2,,,
2025-12-06T16:03:12.404239,-23.0,-82.0,15.4,,4392962,467466,,2,,,
2025-12-06T16:03:15.523810,-22.0,-82.0,15.4,,4393220,467466,,2,,,
2025-12-06T16:03:18.563740,-22.0,-82.0,15.4,,4393306,467466,,2,,,
2025-12-06T16:03:22.213147,-22.0,-82.0,15.4,,4393306,467466,,2,,,
2025-12-06T16:03:25.266274,-22.0,-82.0,15.4,,4393306,467466,,2,,,
2025-12-06T16:03:28.342956,-22.0,-84.0,15.4,,4393306,467466,,2,,,
2025-12-06T16:03:31.405111,-24.0,-82.0,15.4,,4393392,467466,,2,,,
2025-12-06T16:03:34.995075,-22.0,-80.0,15.4,,4393564,467466,,2,,,
2025-12-06T16:03:38.122222,-22.0,-82.0,15.4,,4393564,467466,,2,,,
2025-12-06T16:03:41.209990,-22.0,-84.0,15.4,,4393564,467466,,2,,,
2025-12-06T16:03:44.209857,-22.0,-82.0,15.4,,4393564,467466,,2,,,
2025-12-06T16:03:47.464889,-22.0,-80.0,15.4,,4393564,467466,,2,,,
2025-12-06T16:03:50.449427,-22.0,-80.0,15.4,,4393564,467466,,2,,,
2025-12-06T16:03:53.485728,-24.0,-80.0,15.4,,4393650,467466,,2,,,
2025-12-06T16:03:56.510685,-23.0,-82.0,15.4,,4393822,467466,,2,,,
2025-12-06T16:03:59.672208,-23.0,-84.0,15.4,,4393822,467466,,2,,,
2025-12-06T16:04:02.804793,-23.0,-80.0,15.4,,4393822,467466,,2,,,
2025-12-06T16:04:05.811072,-23.0,-82.0,15.4,,4393822,467466,,2,,,
2025-12-06T16:04:08.868933,-23.0,-82.0,15.4,,4393822,467466,,2,,,
2025-12-06T16:04:11.905201,-23.0,-80.0,15.4,,4393822,467466,,2,,,
2025-12-06T16:04:15.184824,-23.0,-84.0,15.4,,4393994,467466,,2,,,
2025-12-06T16:04:18.323758,-23.0,-84.0,15.4,,4394080,467466,,2,,,
2025-12-06T16:04:21.319376,-23.0,-84.0,15.4,,4394080,467466,,2,,,
2025-12-06T16:04:24.381698,-23.0,-80.0,15.4,,4394080,467466,,2,,,
2025-12-06T16:04:27.703387,-24.0,-82.0,15.4,,4394080,467480,,2,,,
2025-12-06T16:04:30.764600,-24.0,-80.0,15.4,,4394080,467480,,2,,,
2025-12-06T16:04:33.866296,-24.0,-80.0,15.4,,4394080,467480,,2,,,
2025-12-06T16:04:37.002457,-22.0,-82.0,15.4,,4394338,467480,,2,,,
2025-12-06T16:04:40.369765,-22.0,-84.0,15.4,,4394338,467480,,2,,,
2025-12-06T16:04:43.434126,-22.0,-82.0,15.4,,4394338,467480,,2,,,
2025-12-06T16:04:46.461215,-22.0,-84.0,15.4,,4394338,467480,,2,,,
2025-12-06T16:04:49.610340,-22.0,-82.0,15.4,,4394338,467480,,2,,,
2025-12-06T16:04:52.940508,-22.0,-82.0,15.4,,4394338,467480,,2,,,
2025-12-06T16:04:56.008096,-22.0,-84.0,15.4,,4394424,467480,,2,,,
2025-12-06T16:04:59.082167,-23.0,-84.0,15.4,,4394596,467480,,2,,,
2025-12-06T16:05:03.079195,-23.0,-82.0,15.4,,4394596,467480,,2,,,
2025-12-06T16:05:06.111976,-24.0,-82.0,15.4,,4394854,467480,,2,,,
2025-12-06T16:05:09.146361,-24.0,-80.0,15.4,,4394854,467480,,2,,,
2025-12-06T16:05:12.119328,-24.0,-82.0,15.4,,4394854,467480,,2,,,
2025-12-06T16:05:15.204127,-24.0,-80.0,15.4,,4394854,467570,,2,,,
2025-12-06T16:05:18.344271,-42.0,-84.0,15.4,,4395112,467612,,2,,,
2025-12-06T16:05:21.351056,-22.0,-82.0,15.4,,4395198,467612,,2,,,
2025-12-06T16:05:24.380503,-22.0,-82.0,15.4,,4395198,467612,,2,,,
2025-12-06T16:05:27.414355,-24.0,-80.0,15.4,,4395456,467612,,2,,,
2025-12-06T16:05:30.804719,-24.0,-82.0,15.4,,4395580,467694,,2,,,
2025-12-06T16:05:33.890015,-22.0,-82.0,15.4,,4395580,467784,,2,,,
2025-12-06T16:05:37.011464,-22.0,-82.0,15.4,,4395666,467826,,2,,,
2025-12-06T16:05:40.010193,-22.0,-80.0,15.4,,4395666,467826,,2,,,
2025-12-06T16:05:43.460399,-24.0,-80.0,15.4,,4395838,467826,,2,,,
2025-12-06T16:05:46.458477,-22.0,-84.0,15.4,,4395924,467826,,2,,,
2025-12-06T16:05:49.481544,-22.0,-80.0,15.4,,4396184,467990,,2,,,
2025-12-06T16:05:52.523000,-22.0,-82.0,15.4,,4396184,467990,,2,,,
2025-12-06T16:05:56.154559,-22.0,-82.0,15.4,,4396184,467990,,2,,,
2025-12-06T16:05:59.215296,-22.0,-84.0,15.4,,4396184,467990,,2,,,
2025-12-06T16:06:02.271494,-22.0,-82.0,15.4,,4396184,467990,,2,,,
2025-12-06T16:06:05.338476,-24.0,-84.0,15.4,,4396356,467990,,2,,,
2025-12-06T16:06:08.963014,-24.0,-82.0,15.4,,4396442,467990,,2,,,
2025-12-06T16:06:12.038786,-24.0,-82.0,15.4,,4396442,467990,,2,,,
2025-12-06T16:06:15.088840,-24.0,-82.0,15.4,,4396442,467990,,2,,,
2025-12-06T16:06:18.221599,-24.0,-82.0,15.4,,4396442,467990,,2,,,
2025-12-06T16:06:21.869434,-23.0,-84.0,15.4,,4396614,467990,,2,,,
2025-12-06T16:06:24.923084,-23.0,-82.0,15.4,,4396700,467990,,2,,,
2025-12-06T16:06:27.985830,-23.0,-82.0,15.4,,4396700,467990,,2,,,
2025-12-06T16:06:30.998968,-23.0,-82.0,15.4,,4396700,467990,,2,,,
2025-12-06T16:06:34.694017,-23.0,-80.0,15.4,,4396700,467990,,2,,,
2025-12-06T16:06:37.751222,-23.0,-82.0,15.4,,4396700,467990,,2,,,
2025-12-06T16:06:40.749647,-23.0,-82.0,15.4,,4396700,467990,,2,,,
2025-12-06T16:06:43.832913,-23.0,-80.0,15.4,,4396700,467990,,2,,,
2025-12-06T16:06:47.399805,-23.0,-82.0,15.4,,4396872,467990,,2,,,
2025-12-06T16:06:50.411423,-23.0,-80.0,15.4,,4396958,467990,,2,,,
2025-12-06T16:06:53.427188,-23.0,-80.0,15.4,,4396958,467990,,2,,,
2025-12-06T16:06:56.482281,-23.0,-80.0,15.4,,4396958,467990,,2,,,
2025-12-06T16:07:00.169083,-23.0,-82.0,15.4,,4396958,467990,,2,,,
2025-12-06T16:07:03.203571,-23.0,-82.0,15.4,,4396958,467990,,2,,,
2025-12-06T16:07:06.387638,-23.0,-80.0,15.4,,4396958,467990,,2,,,
2025-12-06T16:07:09.352114,-23.0,-84.0,15.4,,4397216,467990,,2,,,
2025-12-06T16:07:13.043739,-23.0,-82.0,15.4,,4397216,467990,,2,,,
2025-12-06T16:07:16.104107,-22.0,-84.0,15.4,,4397388,467990,,2,,,
2025-12-06T16:07:19.190609,-22.0,-84.0,15.4,,4397474,467990,,2,,,
2025-12-06T16:07:22.299893,-22.0,-82.0,15.4,,4397474,467990,,2,,,
2025-12-06T16:07:25.901577,-22.0,-82.0,15.4,,4397732,467990,,2,,,
2025-12-06T16:07:29.064718,-22.0,-80.0,15.4,,4397732,467990,,2,,,
2025-12-06T16:07:32.068342,-22.0,-84.0,15.4,,4397732,467990,,2,,,
2025-12-06T16:07:35.066392,-22.0,-82.0,15.4,,4397732,467990,,2,,,
2025-12-06T16:07:38.601566,-22.0,-82.0,15.4,,4397990,467990,,2,,,
2025-12-06T16:07:41.639266,-23.0,-82.0,15.4,,4397990,467990,,2,,,
2025-12-06T16:07:44.692864,-23.0,-82.0,15.4,,4397990,467990,,2,,,
2025-12-06T16:07:47.665100,-23.0,-82.0,15.4,,4397990,467990,,2,,,
2025-12-06T16:07:50.921189,-23.0,-82.0,15.4,,4397990,467990,,2,,,
2025-12-06T16:07:53.899825,-23.0,-82.0,15.4,,4398076,467990,,2,,,
2025-12-06T16:07:56.932252,-24.0,-82.0,15.4,,4398248,467990,,2,,,
2025-12-06T16:07:59.992384,-24.0,-82.0,15.4,,4398248,467990,,2,,,
2025-12-06T16:08:03.147805,-24.0,-80.0,15.4,,4398248,467990,,2,,,
2025-12-06T16:08:06.412910,-24.0,-82.0,15.4,,4398248,467990,,2,,,
2025-12-06T16:08:09.388529,-24.0,-82.0,15.4,,4398248,467990,,2,,,
2025-12-06T16:08:12.437198,-24.0,-82.0,15.4,,4398248,467990,,2,,,
2025-12-06T16:08:15.471875,-24.0,-80.0,15.4,,4398334,467990,,2,,,
2025-12-06T16:08:18.937671,-24.0,-80.0,15.4,,4398506,467990,,2,,,
2025-12-06T16:08:22.009194,-24.0,-84.0,15.4,,4398506,467990,,2,,,
2025-12-06T16:08:24.965095,-24.0,-82.0,15.4,,4398506,467990,,2,,,
2025-12-06T16:08:28.043037,-23.0,-84.0,15.4,,4398764,467990,,2,,,
2025-12-06T16:08:31.585532,-24.0,-84.0,15.4,,4398764,467990,,2,,,
2025-12-06T16:08:34.645236,-24.0,-82.0,15.4,,4398764,467990,,2,,,
2025-12-06T16:08:37.672214,-24.0,-82.0,15.4,,4398764,467990,,2,,,
2025-12-06T16:08:40.766592,-24.0,-82.0,15.4,,4398764,467990,,2,,,
2025-12-06T16:08:44.363859,-24.0,-84.0,15.4,,4398764,467990,,2,,,
2025-12-06T16:08:47.419507,-24.0,-82.0,15.4,,4398764,467990,,2,,,
2025-12-06T16:08:50.466747,-24.0,-82.0,15.4,,4398764,467990,,2,,,
2025-12-06T16:08:53.579833,-24.0,-82.0,15.4,,4398764,467990,,2,,,
2025-12-06T16:08:57.205365,-22.0,-84.0,15.4,,4398850,467990,,2,,,
2025-12-06T16:09:00.291182,-22.0,-82.0,15.4,,4399022,467990,,2,,,
2025-12-06T16:09:03.268090,-22.0,-82.0,15.4,,4399022,467990,,2,,,
2025-12-06T16:09:06.325210,-22.0,-82.0,15.4,,4399022,467990,,2,,,
2025-12-06T16:09:09.984040,-22.0,-82.0,15.4,,4399022,467990,,2,,,
2025-12-06T16:09:13.048051,-22.0,-82.0,15.4,,4399022,467990,,2,,,
2025-12-06T16:09:16.153761,-22.0,-82.0,15.4,,4399022,467990,,2,,,
2025-12-06T16:09:19.164758,-22.0,-82.0,15.4,,4399194,467990,,2,,,
2025-12-06T16:09:22.768260,-21.0,-82.0,15.4,,4399280,467990,,2,,,
2025-12-06T16:09:25.777242,-21.0,-82.0,15.4,,4399366,467990,,2,,,
2025-12-06T16:09:28.886102,-22.0,-80.0,15.4,,4399538,468004,,2,,,
2025-12-06T16:09:31.992698,-22.0,-82.0,15.4,,4399796,468004,,2,,,
2025-12-06T16:09:35.605146,-22.0,-86.0,15.4,,4399796,468004,,2,,,
2025-12-06T16:09:38.638700,-22.0,-82.0,15.4,,4399796,468004,,2,,,
2025-12-06T16:09:41.785228,-22.0,-82.0,15.4,,4399796,468004,,2,,,
2025-12-06T16:09:44.797608,-22.0,-82.0,15.4,,4399796,468004,,2,,,
2025-12-06T16:09:48.427693,-21.0,-84.0,15.4,,4399968,468004,,2,,,
2025-12-06T16:09:51.445867,-24.0,-80.0,15.4,,4400054,468004,,2,,,
2025-12-06T16:09:54.505456,-24.0,-84.0,15.4,,4400054,468004,,2,,,
2025-12-06T16:09:57.533704,-23.0,-84.0,15.4,,4400054,468094,,2,,,
2025-12-06T16:10:01.228065,-23.0,-82.0,15.4,,4400140,468136,,2,,,
2025-12-06T16:10:04.525417,-23.0,-82.0,15.4,,4400140,468136,,2,,,
2025-12-06T16:10:07.553053,-24.0,-82.0,15.4,,4400398,468136,,2,,,
2025-12-06T16:10:10.613508,-24.0,-82.0,15.4,,4400398,468136,,2,,,
2025-12-06T16:10:14.180233,-22.0,-80.0,15.4,,4400522,468218,,2,,,
2025-12-06T16:10:17.204810,-22.0,-82.0,15.4,,4400608,468218,,2,,,
2025-12-06T16:10:20.211516,-23.0,-82.0,15.4,,4400608,468260,,2,,,
2025-12-06T16:10:23.245099,-23.0,-82.0,15.4,,4400608,468260,,2,,,
2025-12-06T16:10:26.670550,-23.0,-82.0,15.4,,4400694,468260,,2,,,
2025-12-06T16:10:29.669444,-23.0,-82.0,15.4,,4400866,468260,,2,,,
2025-12-06T16:10:32.760745,-23.0,-82.0,15.4,,4400952,468260,,2,,,
2025-12-06T16:10:35.857315,-23.0,-82.0,15.4,,4401124,468260,,2,,,
2025-12-06T16:10:39.145985,-23.0,-82.0,15.4,,4401124,468260,,2,,,
2025-12-06T16:10:42.205648,-23.0,-82.0,15.4,,4401124,468260,,2,,,
2025-12-06T16:10:45.212283,-23.0,-82.0,15.4,,4401124,468260,,2,,,
2025-12-06T16:10:48.293906,-23.0,-84.0,15.4,,4401124,468260,,2,,,
2025-12-06T16:10:51.508501,-23.0,-82.0,15.4,,4401124,468260,,2,,,
2025-12-06T16:10:54.478425,-23.0,-84.0,15.4,,4401124,468260,,2,,,
2025-12-06T16:10:57.534908,-23.0,-82.0,15.4,,4401124,468260,,2,,,
2025-12-06T16:11:00.534204,-23.0,-82.0,15.4,,4401124,468260,,2,,,
2025-12-06T16:11:03.715300,-23.0,-82.0,15.4,,4401124,468260,,2,,,
2025-12-06T16:11:06.949737,-23.0,-82.0,15.4,,4401124,468260,,2,,,
2025-12-06T16:11:09.985974,-22.0,-84.0,15.4,,4401382,468260,,2,,,
2025-12-06T16:11:13.065687,-23.0,-84.0,15.4,,4401382,468260,,2,,,
2025-12-06T16:11:16.114247,-23.0,-80.0,15.4,,4401382,468260,,2,,,
2025-12-06T16:11:19.313371,-23.0,-82.0,15.4,,4401382,468260,,2,,,
2025-12-06T16:11:22.316628,-23.0,-80.0,15.4,,4401382,468260,,2,,,
2025-12-06T16:11:25.375260,-23.0,-82.0,15.4,,4401382,468260,,2,,,
2025-12-06T16:11:28.430764,-23.0,-82.0,15.4,,4401382,468260,,2,,,
2025-12-06T16:11:31.913774,-24.0,-80.0,15.4,,4401640,468260,,2,,,
2025-12-06T16:11:34.946613,-22.0,-82.0,15.4,,4401640,468260,,2,,,
2025-12-06T16:11:38.024199,-23.0,-82.0,15.4,,4402070,468260,,2,,,
2025-12-06T16:11:41.161836,-22.0,-80.0,15.4,,4402156,468260,,2,,,
2025-12-06T16:11:44.575165,-22.0,-82.0,15.4,,4402156,468260,,2,,,
2025-12-06T16:11:47.605854,-22.0,-82.0,15.4,,4402156,468260,,2,,,
2025-12-06T16:11:50.631465,-22.0,-84.0,15.4,,4402156,468260,,2,,,
2025-12-06T16:11:53.668233,-22.0,-78.0,15.4,,4402156,468260,,2,,,
2025-12-06T16:11:57.266924,-22.0,-84.0,15.4,,4402156,468260,,2,,,
2025-12-06T16:12:00.292532,-24.0,-82.0,15.4,,4402328,468260,,2,,,
2025-12-06T16:12:03.294802,-23.0,-78.0,15.4,,4402414,468260,,2,,,
2025-12-06T16:12:06.405956,-23.0,-80.0,15.4,,4402414,468260,,2,,,
2025-12-06T16:12:09.939292,-23.0,-84.0,15.4,,4402414,468260,,2,,,
2025-12-06T16:12:13.015576,-23.0,-82.0,15.4,,4402414,468260,,2,,,
2025-12-06T16:12:16.073505,-23.0,-82.0,15.4,,4402500,468260,,2,,,
2025-12-06T16:12:19.136597,-24.0,-82.0,15.4,,4402672,468260,,2,,,
2025-12-06T16:12:22.828060,-24.0,-82.0,15.4,,4402672,468260,,2,,,
2025-12-06T16:12:25.887644,-24.0,-82.0,15.4,,4402672,468260,,2,,,
2025-12-06T16:12:29.008867,-24.0,-82.0,15.4,,4402672,468260,,2,,,
2025-12-06T16:12:32.125923,-24.0,-82.0,15.4,,4402672,468260,,2,,,
2025-12-06T16:12:35.787701,-24.0,-82.0,15.4,,4402672,468260,,2,,,
2025-12-06T16:12:38.789213,-24.0,-84.0,15.4,,4402844,468260,,2,,,
2025-12-06T16:12:41.866359,-22.0,-84.0,15.4,,4403188,468260,,2,,,
2025-12-06T16:12:44.923662,-22.0,-82.0,15.4,,4403188,468260,,2,,,
2025-12-06T16:12:48.506457,-22.0,-84.0,15.4,,4403188,468260,,2,,,
2025-12-06T16:12:51.521282,-22.0,-84.0,15.4,,4403188,468260,,2,,,
2025-12-06T16:12:54.584072,-22.0,-84.0,15.4,,4403188,468260,,2,,,
2025-12-06T16:12:57.605642,-22.0,-82.0,15.4,,4403188,468260,,2,,,
2025-12-06T16:13:01.233519,-22.0,-82.0,15.4,,4403188,468260,,2,,,
2025-12-06T16:13:04.314164,-22.0,-82.0,15.4,,4403188,468260,,2,,,
2025-12-06T16:13:07.371519,-22.0,-84.0,15.4,,4403188,468260,,2,,,
2025-12-06T16:13:10.407464,-22.0,-82.0,15.4,,4403188,468260,,2,,,
2025-12-06T16:13:13.925263,-22.0,-82.0,15.4,,4403188,468260,,2,,,
2025-12-06T16:13:16.853996,-22.0,-84.0,15.4,,4403188,468260,,2,,,
2025-12-06T16:13:19.914000,-22.0,-82.0,15.4,,4403274,468260,,2,,,
2025-12-06T16:13:23.007894,-22.0,-82.0,15.4,,4403446,468260,,2,,,
2025-12-06T16:13:26.645365,-22.0,-80.0,15.4,,4403446,468260,,2,,,
2025-12-06T16:13:29.653168,-22.0,-82.0,15.4,,4403446,468260,,2,,,
2025-12-06T16:13:32.725886,-22.0,-82.0,15.4,,4403446,468260,,2,,,
2025-12-06T16:13:35.817683,-22.0,-80.0,15.4,,4403446,468260,,2,,,
2025-12-06T16:13:39.388082,-22.0,-80.0,15.4,,4403446,468260,,2,,,
2025-12-06T16:13:42.450447,-22.0,-82.0,15.4,,4403704,468260,,2,,,
2025-12-06T16:13:45.442513,-22.0,-84.0,15.4,,4403962,468260,,2,,,
2025-12-06T16:13:48.476885,-22.0,-82.0,15.4,,4404048,468260,,2,,,
2025-12-06T16:13:51.805814,-22.0,-80.0,15.4,,4404220,468260,,2,,,
2025-12-06T16:13:54.872738,-22.0,-82.0,15.4,,4404220,468260,,2,,,
2025-12-06T16:13:57.927488,-22.0,-84.0,15.4,,4404220,468260,,2,,,
2025-12-06T16:14:00.942806,-22.0,-82.0,15.4,,4404220,468260,,2,,,
2025-12-06T16:14:04.168212,-22.0,-82.0,15.4,,4404220,468260,,2,,,
2025-12-06T16:14:07.453932,-22.0,-84.0,15.4,,4404220,468260,,2,,,
2025-12-06T16:14:10.493761,-22.0,-82.0,15.4,,4404306,468260,,2,,,
2025-12-06T16:14:13.587896,-24.0,-82.0,15.4,,4404478,468260,,2,,,
2025-12-06T16:14:16.606027,-24.0,-80.0,15.4,,4404478,468260,,2,,,
2025-12-06T16:14:19.821363,-24.0,-84.0,15.4,,4404478,468260,,2,,,
2025-12-06T16:14:22.948058,-24.0,-82.0,15.4,,4404478,468260,,2,,,
2025-12-06T16:14:26.033810,-22.0,-82.0,15.4,,4404478,468364,,2,,,
2025-12-06T16:14:29.082911,-24.0,-82.0,15.4,,4404822,468496,,2,,,
2025-12-06T16:14:32.469411,-22.0,-82.0,15.4,,4404822,468496,,2,,,
2025-12-06T16:14:35.518317,-22.0,-84.0,15.4,,4404822,468496,,2,,,
2025-12-06T16:14:38.469541,-22.0,-82.0,15.4,,4404822,468496,,2,,,
2025-12-06T16:14:41.610733,-24.0,-84.0,15.4,,4405082,468660,,2,,,
2025-12-06T16:14:45.188002,-22.0,-82.0,15.4,,4405292,468784,,2,,,
2025-12-06T16:14:48.175118,-24.0,-82.0,15.4,,4405550,468784,,2,,,
2025-12-06T16:14:51.095668,-24.0,-82.0,15.4,,4405808,468784,,2,,,
2025-12-06T16:14:54.148113,-24.0,-80.0,15.4,,4405808,468784,,2,,,
2025-12-06T16:14:57.749136,-24.0,-80.0,15.4,,4405808,468784,,2,,,
2025-12-06T16:15:00.775394,-24.0,-82.0,15.4,,4405808,468784,,2,,,
2025-12-06T16:15:03.816131,-24.0,-82.0,15.4,,4405808,468784,,2,,,
2025-12-06T16:15:07.049628,-24.0,-84.0,15.4,,4405808,468784,,2,,,
2025-12-06T16:15:10.714023,-24.0,-80.0,15.4,,4405808,468784,,2,,,
2025-12-06T16:15:13.797808,-24.0,-82.0,15.4,,4405808,468784,,2,,,
2025-12-06T16:15:16.841024,-24.0,-82.0,15.4,,4405808,468784,,2,,,
2025-12-06T16:15:19.829252,-24.0,-80.0,15.4,,4405808,468784,,2,,,
2025-12-06T16:15:23.426924,-24.0,-82.0,15.4,,4405808,468784,,2,,,
2025-12-06T16:15:26.417989,-24.0,-82.0,15.4,,4405808,468784,,2,,,
2025-12-06T16:15:29.429856,-24.0,-82.0,15.4,,4405808,468784,,2,,,
2025-12-06T16:15:32.529915,-23.0,-82.0,15.4,,4406066,468784,,2,,,
2025-12-06T16:15:36.149531,-24.0,-74.0,15.4,,4406066,468784,,2,,,
2025-12-06T16:15:39.217131,-24.0,-82.0,15.4,,4406066,468784,,2,,,
2025-12-06T16:15:42.328949,-24.0,-82.0,15.4,,4406066,468784,,2,,,
2025-12-06T16:15:45.330750,-24.0,-80.0,15.4,,4406066,468784,,2,,,
2025-12-06T16:15:48.933089,-23.0,-82.0,15.4,,4406152,468784,,2,,,
2025-12-06T16:15:51.998356,-24.0,-82.0,15.4,,4406324,468784,,2,,,
2025-12-06T16:15:54.989460,-23.0,-84.0,15.4,,4406582,468784,,2,,,
2025-12-06T16:15:57.994900,-23.0,-82.0,15.4,,4406582,468784,,2,,,
2025-12-06T16:16:01.399206,-22.0,-82.0,15.4,,4406754,468784,,2,,,
2025-12-06T16:16:04.451379,-23.0,-80.0,15.4,,4406840,468784,,2,,,
2025-12-06T16:16:07.474602,-23.0,-82.0,15.4,,4406840,468784,,2,,,
2025-12-06T16:16:10.561261,-23.0,-82.0,15.4,,4406840,468784,,2,,,
2025-12-06T16:16:13.889784,-23.0,-84.0,15.4,,4406840,468784,,2,,,
2025-12-06T16:16:16.980490,-23.0,-82.0,15.4,,4406840,468784,,2,,,
2025-12-06T16:16:20.095647,-23.0,-84.0,15.4,,4406840,468784,,2,,,
2025-12-06T16:16:23.129781,-24.0,-82.0,15.4,,4407098,468784,,2,,,
2025-12-06T16:16:26.425914,-24.0,-80.0,15.4,,4407098,468784,,2,,,
2025-12-06T16:16:29.448846,-24.0,-80.0,15.4,,4407098,468784,,2,,,
2025-12-06T16:16:32.456294,-24.0,-82.0,15.4,,4407098,468784,,2,,,
2025-12-06T16:16:35.501096,-24.0,-80.0,15.4,,4407098,468784,,2,,,
2025-12-06T16:16:38.749047,-24.0,-82.0,15.4,,4407184,468784,,2,,,
2025-12-06T16:16:41.732674,-24.0,-84.0,15.4,,4407356,468784,,2,,,
2025-12-06T16:16:44.811119,-24.0,-82.0,15.4,,4407356,468784,,2,,,
2025-12-06T16:16:47.870076,-24.0,-82.0,15.4,,4407356,468784,,2,,,
2025-12-06T16:16:50.972678,-24.0,-82.0,15.4,,4407356,468784,,2,,,
2025-12-06T16:16:54.117650,-24.0,-82.0,15.4,,4407614,468784,,2,,,
2025-12-06T16:16:57.148258,-22.0,-84.0,15.4,,4407614,468784,,2,,,
2025-12-06T16:17:00.168139,-22.0,-84.0,15.4,,4407614,468784,,2,,,
2025-12-06T16:17:03.230761,-23.0,-80.0,15.4,,4407872,468784,,2,,,
2025-12-06T16:17:06.632480,-23.0,-82.0,15.4,,4407872,468784,,2,,,
2025-12-06T16:17:09.656740,-23.0,-82.0,15.4,,4407872,468784,,2,,,
2025-12-06T16:17:12.630842,-23.0,-82.0,15.4,,4407872,468784,,2,,,
2025-12-06T16:17:15.704757,-23.0,-68.0,15.4,,4407872,468784,,2,,,
2025-12-06T16:17:19.197390,-23.0,-82.0,15.4,,4407872,468784,,2,,,
2025-12-06T16:17:22.188777,-23.0,-82.0,15.4,,4407872,468784,,2,,,
2025-12-06T16:17:25.249227,-23.0,-86.0,15.4,,4407872,468784,,2,,,
2025-12-06T16:17:28.240051,-23.0,-82.0,15.4,,4407872,468784,,2,,,
2025-12-06T16:17:31.889647,-23.0,-82.0,15.4,,4407872,468784,,2,,,
2025-12-06T16:17:34.977842,-23.0,-82.0,15.4,,4407872,468784,,2,,,
2025-12-06T16:17:38.041020,-23.0,-84.0,15.4,,4407872,468784,,2,,,
2025-12-06T16:17:41.066821,-23.0,-82.0,15.4,,4407872,468784,,2,,,
2025-12-06T16:17:44.729959,-24.0,-82.0,15.4,,4408130,468784,,2,,,
2025-12-06T16:17:47.761308,-24.0,-84.0,15.4,,4408130,468784,,2,,,
2025-12-06T16:17:50.789001,-24.0,-80.0,15.4,,4408130,468784,,2,,,
2025-12-06T16:17:53.874417,-24.0,-80.0,15.4,,4408130,468784,,2,,,
2025-12-06T16:17:57.509333,-23.0,-82.0,15.4,,4408388,468784,,2,,,
2025-12-06T16:18:00.528214,-21.0,-80.0,15.4,,4408388,468784,,2,,,
2025-12-06T16:18:03.632555,-21.0,-82.0,15.4,,4408474,468784,,2,,,
2025-12-06T16:18:06.831905,-22.0,-82.0,15.4,,4408646,468784,,2,,,
2025-12-06T16:18:10.410059,-22.0,-82.0,15.4,,4408646,468784,,2,,,
2025-12-06T16:18:13.438153,-23.0,-82.0,15.4,,4408904,468784,,2,,,
2025-12-06T16:18:16.531650,-23.0,-82.0,15.4,,4408904,468784,,2,,,
2025-12-06T16:18:19.614104,-23.0,-80.0,15.4,,4408904,468784,,2,,,
2025-12-06T16:18:23.303430,-23.0,-78.0,15.4,,4408904,468784,,2,,,
2025-12-06T16:18:26.356617,-23.0,-80.0,15.4,,4408904,468784,,2,,,
2025-12-06T16:18:29.460745,-23.0,-80.0,15.4,,4408904,468784,,2,,,
2025-12-06T16:18:32.548935,-23.0,-82.0,15.4,,4408990,468784,,2,,,
2025-12-06T16:18:36.152654,-23.0,-82.0,15.4,,4409162,468784,,2,,,
2025-12-06T16:18:39.201980,-23.0,-82.0,15.4,,4409162,468784,,2,,,
2025-12-06T16:18:42.210832,-23.0,-82.0,15.4,,4409162,468784,,2,,,
2025-12-06T16:18:45.238951,-23.0,-82.0,15.4,,4409162,468784,,2,,,
2025-12-06T16:18:48.880402,-23.0,-80.0,15.4,,4409162,468784,,2,,,
2025-12-06T16:18:51.861062,-22.0,-82.0,15.4,,4409420,468874,,2,,,
2025-12-06T16:18:54.980812,-23.0,-84.0,15.4,,4409420,468874,,2,,,
2025-12-06T16:18:58.018761,-23.0,-80.0,15.4,,4409592,468916,,2,,,
2025-12-06T16:19:01.634672,-22.0,-82.0,15.4,,4409764,468916,,2,,,
2025-12-06T16:19:04.672181,-22.0,-84.0,15.4,,4409764,468916,,2,,,
2025-12-06T16:19:07.710495,-22.0,-82.0,15.4,,4409764,468916,,2,,,
2025-12-06T16:19:10.711307,-24.0,-82.0,15.4,,4410078,469080,,2,,,
2025-12-06T16:19:14.431837,-24.0,-84.0,15.4,,4410422,469122,,2,,,
2025-12-06T16:19:17.431034,-24.0,-82.0,15.4,,4410422,469122,,2,,,
2025-12-06T16:19:20.395769,-24.0,-82.0,15.4,,4410422,469122,,2,,,
2025-12-06T16:19:23.392625,-24.0,-74.0,15.4,,4410422,469136,,2,,,
2025-12-06T16:19:26.901779,-22.0,-82.0,15.4,,4410422,469136,,2,,,
2025-12-06T16:19:29.987243,-22.0,-82.0,15.4,,4410422,469136,,2,,,
2025-12-06T16:19:32.973462,-22.0,-84.0,15.4,,4410422,469136,,2,,,
2025-12-06T16:19:35.996772,-22.0,-82.0,15.4,,4410422,469136,,2,,,
2025-12-06T16:19:39.271362,-22.0,-82.0,15.4,,4410422,469136,,2,,,
2025-12-06T16:19:42.286272,-22.0,-82.0,15.4,,4410422,469136,,2,,,
2025-12-06T16:19:45.382134,-22.0,-82.0,15.4,,4410422,469136,,2,,,
2025-12-06T16:19:48.452149,-22.0,-84.0,15.4,,4410422,469136,,2,,,
2025-12-06T16:19:51.629490,-22.0,-80.0,15.4,,4410422,469136,,2,,,
2025-12-06T16:19:54.657657,-23.0,-80.0,15.4,,4410594,469136,,2,,,
2025-12-06T16:19:57.751902,-24.0,-82.0,15.4,,4410680,469136,,2,,,
2025-12-06T16:20:00.782253,-24.0,-82.0,15.4,,4410680,469136,,2,,,
2025-12-06T16:20:03.949826,-22.0,-80.0,15.4,,4410938,469136,,2,,,
2025-12-06T16:20:07.316936,-22.0,-82.0,15.4,,4410938,469136,,2,,,
2025-12-06T16:20:10.287453,-22.0,-82.0,15.4,,4410938,469136,,2,,,
2025-12-06T16:20:13.247275,-22.0,-84.0,15.4,,4410938,469136,,2,,,
2025-12-06T16:20:16.245054,-24.0,-82.0,15.4,,4411110,469136,,2,,,
2025-12-06T16:20:19.542461,-24.0,-82.0,15.4,,4411196,469136,,2,,,
2025-12-06T16:20:22.562205,-42.0,-82.0,15.4,,4411282,469136,,2,,,
2025-12-06T16:20:25.557899,-22.0,-82.0,15.4,,4411454,469136,,2,,,
2025-12-06T16:20:28.497822,-22.0,-80.0,15.4,,4411454,469136,,2,,,
2025-12-06T16:20:31.976091,-22.0,-82.0,15.4,,4411454,469136,,2,,,
2025-12-06T16:20:35.038947,-22.0,-80.0,15.4,,4411454,469136,,2,,,
2025-12-06T16:20:38.100402,-22.0,-82.0,15.4,,4411454,469136,,2,,,
2025-12-06T16:20:41.144125,-22.0,-80.0,15.4,,4411454,469136,,2,,,
2025-12-06T16:20:44.794055,-22.0,-82.0,15.4,,4411626,469136,,2,,,
2025-12-06T16:20:47.868779,-22.0,-82.0,15.4,,4411712,469136,,2,,,
2025-12-06T16:20:50.971708,-22.0,-82.0,15.4,,4411712,469136,,2,,,
2025-12-06T16:20:54.154214,-22.0,-80.0,15.4,,4411712,469136,,2,,,
2025-12-06T16:20:57.723405,-22.0,-78.0,15.4,,4411712,469136,,2,,,
2025-12-06T16:21:00.752471,-22.0,-84.0,15.4,,4411712,469136,,2,,,
2025-12-06T16:21:03.874377,-24.0,-82.0,15.4,,4411970,469136,,2,,,
2025-12-06T16:21:06.958361,-24.0,-78.0,15.4,,4412228,469136,,2,,,
2025-12-06T16:21:10.591973,-24.0,-82.0,15.4,,4412228,469136,,2,,,
2025-12-06T16:21:13.609491,-24.0,-82.0,15.4,,4412228,469136,,2,,,
2025-12-06T16:21:16.605363,-24.0,-82.0,15.4,,4412228,469136,,2,,,
2025-12-06T16:21:19.712127,-24.0,-82.0,15.4,,4412228,469136,,2,,,
2025-12-06T16:21:23.250428,-22.0,-82.0,15.4,,4412314,469136,,2,,,
2025-12-06T16:21:26.327104,-22.0,-82.0,15.4,,4412486,469136,,2,,,
2025-12-06T16:21:29.314523,-22.0,-82.0,15.4,,4412486,469136,,2,,,
2025-12-06T16:21:32.324741,-22.0,-80.0,15.4,,4412486,469136,,2,,,
2025-12-06T16:21:35.873547,-22.0,-84.0,15.4,,4412486,469136,,2,,,
2025-12-06T16:21:38.912387,-22.0,-82.0,15.4,,4412486,469136,,2,,,
2025-12-06T16:21:41.935822,-22.0,-82.0,15.4,,4412486,469136,,2,,,
2025-12-06T16:21:44.938922,-22.0,-80.0,15.4,,4412486,469136,,2,,,
2025-12-06T16:21:48.631466,-22.0,-82.0,15.4,,4412486,469136,,2,,,
2025-12-06T16:21:51.585582,-22.0,-82.0,15.4,,4412486,469136,,2,,,
2025-12-06T16:21:54.646281,-22.0,-84.0,15.4,,4412486,469136,,2,,,
2025-12-06T16:21:57.660544,-22.0,-82.0,15.4,,4412486,469136,,2,,,
2025-12-06T16:22:01.105978,-22.0,-82.0,15.4,,4412486,469136,,2,,,
2025-12-06T16:22:04.114828,-22.0,-82.0,15.4,,4412572,469136,,2,,,
2025-12-06T16:22:07.292040,-24.0,-82.0,15.4,,4412744,469136,,2,,,
2025-12-06T16:22:10.436999,-24.0,-84.0,15.4,,4413002,469136,,2,,,
2025-12-06T16:22:13.946980,-24.0,-82.0,15.4,,4413002,469136,,2,,,
2025-12-06T16:22:17.042445,-24.0,-82.0,15.4,,4413002,469136,,2,,,
2025-12-06T16:22:20.049304,-24.0,-84.0,15.4,,4413002,469136,,2,,,
2025-12-06T16:22:23.073630,-24.0,-82.0,15.4,,4413002,469136,,2,,,
2025-12-06T16:22:26.425784,-39.0,-82.0,15.4,,4413088,469136,,2,,,
2025-12-06T16:22:29.436365,-24.0,-84.0,15.4,,4413260,469136,,2,,,
2025-12-06T16:22:32.456247,-24.0,-82.0,15.4,,4413260,469136,,2,,,
2025-12-06T16:22:35.435975,-23.0,-84.0,15.4,,4413518,469136,,2,,,
2025-12-06T16:22:38.564285,-24.0,-80.0,15.4,,4413518,469136,,2,,,
2025-12-06T16:22:41.576070,-24.0,-80.0,15.4,,4413518,469136,,2,,,
2025-12-06T16:22:44.553735,-24.0,-82.0,15.4,,4413518,469136,,2,,,
2025-12-06T16:22:47.584519,-24.0,-82.0,15.4,,4413518,469136,,2,,,
2025-12-06T16:22:52.171817,-24.0,-82.0,15.4,,4413518,469136,,2,,,
2025-12-06T16:22:55.172045,-24.0,-82.0,15.4,,4413604,469136,,2,,,
2025-12-06T16:22:58.200063,-22.0,-82.0,15.4,,4413776,469136,,2,,,
2025-12-06T16:23:01.170678,-22.0,-82.0,15.4,,4413776,469136,,2,,,
2025-12-06T16:23:04.592518,-22.0,-82.0,15.4,,4413776,469136,,2,,,
2025-12-06T16:23:07.665236,-22.0,-82.0,15.4,,4413776,469136,,2,,,
2025-12-06T16:23:10.737955,-22.0,-84.0,15.4,,4413862,469136,,2,,,
2025-12-06T16:23:13.853067,-23.0,-84.0,15.4,,4414206,469136,,2,,,
2025-12-06T16:23:17.175305,-22.0,-82.0,15.4,,4414292,469136,,2,,,
2025-12-06T16:23:20.121490,-24.0,-84.0,15.4,,4414292,469226,,2,,,
2025-12-06T16:23:23.192050,-24.0,-82.0,15.4,,4414292,469226,,2,,,
2025-12-06T16:23:26.280976,-22.0,-82.0,15.4,,4414378,469268,,2,,,
2025-12-06T16:23:29.463192,-22.0,-82.0,15.4,,4414378,469268,,2,,,
2025-12-06T16:23:32.492859,-22.0,-82.0,15.4,,4414378,469268,,2,,,
2025-12-06T16:23:35.604340,-24.0,-84.0,15.4,,4414550,469268,,2,,,
2025-12-06T16:23:38.760803,-24.0,-84.0,15.4,,4414950,469522,,2,,,
2025-12-06T16:23:41.918366,-24.0,-82.0,15.4,,4415036,469564,,2,,,
2025-12-06T16:23:44.974101,-23.0,-82.0,15.4,,4415036,469564,,2,,,
2025-12-06T16:23:48.057609,-23.0,-84.0,15.4,,4415036,469564,,2,,,
2025-12-06T16:23:51.060116,-23.0,-84.0,15.4,,4415036,469564,,2,,,
2025-12-06T16:23:54.094072,-24.0,-82.0,15.4,,4415296,469728,,2,,,
2025-12-06T16:23:57.308853,-24.0,-78.0,15.4,,4415296,469728,,2,,,
2025-12-06T16:24:00.289493,-24.0,-82.0,15.4,,4415296,469728,,2,,,
2025-12-06T16:24:03.275878,-24.0,-82.0,15.4,,4415296,469728,,2,,,
2025-12-06T16:24:06.394786,-24.0,-80.0,15.4,,4415296,469728,,2,,,
2025-12-06T16:24:09.936753,-24.0,-82.0,15.4,,4415296,469728,,2,,,
2025-12-06T16:24:13.011932,-24.0,-84.0,15.4,,4415296,469728,,2,,,
2025-12-06T16:24:16.144215,-23.0,-84.0,15.4,,4415640,469728,,2,,,
2025-12-06T16:24:19.322310,-23.0,-80.0,15.4,,4415812,469728,,2,,,
2025-12-06T16:24:22.999439,-22.0,-82.0,15.4,,4415812,469742,,2,,,
2025-12-06T16:24:26.075162,-22.0,-84.0,15.4,,4415812,469742,,2,,,
2025-12-06T16:24:29.100624,-22.0,-82.0,15.4,,4415812,469742,,2,,,
2025-12-06T16:24:32.115897,-22.0,-82.0,15.4,,4415812,469742,,2,,,
2025-12-06T16:24:35.733717,-22.0,-82.0,15.4,,4415812,469742,,2,,,
2025-12-06T16:24:38.761257,-24.0,-82.0,13.9,,4415984,469742,,2,,,
2025-12-06T16:24:41.803646,-24.0,-82.0,13.9,,4416070,469742,,2,,,
2025-12-06T16:24:44.873356,-24.0,-82.0,13.9,,4416156,469742,,2,,,
2025-12-06T16:24:48.514670,-22.0,-82.0,12.3,,4416328,469742,,2,,,
2025-12-06T16:24:51.595434,-22.0,-82.0,12.3,,4416328,469742,,2,,,
2025-12-06T16:24:54.633665,-22.0,-82.0,12.3,,4416328,469742,,2,,,
2025-12-06T16:24:57.656766,-22.0,-78.0,12.3,,4416328,469742,,2,,,
2025-12-06T16:25:01.295033,-22.0,-80.0,12.3,,4416328,469742,,2,,,
2025-12-06T16:25:04.375170,-22.0,-82.0,12.3,,4416328,469742,,2,,,
2025-12-06T16:25:07.413255,-22.0,-84.0,12.3,,4416500,469742,,2,,,
2025-12-06T16:25:10.432745,-22.0,-80.0,12.3,,4416586,469742,,2,,,
2025-12-06T16:25:14.013333,-22.0,-82.0,12.3,,4416586,469742,,2,,,
2025-12-06T16:25:17.099081,-23.0,-82.0,12.3,,4416672,469742,,2,,,
2025-12-06T16:25:20.157620,-24.0,-84.0,12.3,,4416844,469742,,2,,,
2025-12-06T16:25:23.182106,-24.0,-82.0,12.3,,4416930,469742,,2,,,
2025-12-06T16:25:26.844654,-22.0,-82.0,12.3,,4417102,469742,,2,,,
2025-12-06T16:25:29.858592,-22.0,-84.0,12.3,,4417102,469742,,2,,,
2025-12-06T16:25:32.914075,-22.0,-82.0,12.3,,4417102,469742,,2,,,
2025-12-06T16:25:36.008622,-22.0,-84.0,12.3,,4417102,469742,,2,,,
2025-12-06T16:25:39.692715,-22.0,-80.0,12.3,,4417102,469742,,2,,,
2025-12-06T16:25:42.649737,-22.0,-80.0,12.3,,4417102,469742,,2,,,
2025-12-06T16:25:45.755000,-22.0,-82.0,12.3,,4417188,469742,,2,,,
2025-12-06T16:25:48.794435,-23.0,-80.0,12.3,,4417360,469742,,2,,,
2025-12-06T16:25:52.441921,-23.0,-80.0,12.3,,4417360,469742,,2,,,
2025-12-06T16:25:55.440910,-23.0,-80.0,12.3,,4417360,469742,,2,,,
2025-12-06T16:25:58.405012,-23.0,-82.0,12.3,,4417360,469742,,2,,,
2025-12-06T16:26:01.411241,-23.0,-78.0,12.3,,4417360,469742,,2,,,
2025-12-06T16:26:04.897362,-23.0,-78.0,12.3,,4417360,469742,,2,,,
2025-12-06T16:26:07.979919,-23.0,-80.0,12.3,,4417360,469742,,2,,,
2025-12-06T16:26:11.033291,-23.0,-82.0,12.3,,4417360,469742,,2,,,
2025-12-06T16:26:14.074719,-23.0,-82.0,12.3,,4417360,469742,,2,,,
2025-12-06T16:26:17.377713,-23.0,-82.0,12.3,,4417360,469742,,2,,,
2025-12-06T16:26:20.420767,-23.0,-80.0,12.3,,4417446,469742,,2,,,
2025-12-06T16:26:23.449229,-22.0,-84.0,12.3,,4417618,469742,,2,,,
2025-12-06T16:26:26.519382,-22.0,-82.0,12.3,,4417618,469742,,2,,,
2025-12-06T16:26:29.690660,-24.0,-82.0,12.3,,4417876,469742,,2,,,
2025-12-06T16:26:32.753278,-24.0,-82.0,12.3,,4417876,469742,,2,,,
2025-12-06T16:26:35.738745,-24.0,-84.0,12.3,,4417876,469742,,2,,,
2025-12-06T16:26:38.812224,-24.0,-80.0,12.3,,4417876,469742,,2,,,
2025-12-06T16:26:41.923393,-24.0,-80.0,12.3,,4417876,469742,,2,,,
2025-12-06T16:26:45.060898,-24.0,-82.0,12.3,,4417876,469742,,2,,,
2025-12-06T16:26:48.067534,-24.0,-82.0,12.3,,4417876,469742,,2,,,
2025-12-06T16:26:51.097607,-23.0,-84.0,12.3,,4418134,469742,,2,,,
2025-12-06T16:26:54.264292,-23.0,-80.0,12.3,,4418134,469742,,2,,,
2025-12-06T16:26:57.543004,-24.0,-82.0,12.3,,4418306,469742,,2,,,
2025-12-06T16:27:00.558096,-23.0,-86.0,12.3,,4418392,469742,,2,,,
2025-12-06T16:27:03.598571,-23.0,-86.0,12.3,,4418392,469742,,2,,,
2025-12-06T16:27:06.816522,-23.0,-82.0,12.3,,4418392,469742,,2,,,
2025-12-06T16:27:10.188273,-23.0,-84.0,12.3,,4418392,469742,,2,,,
2025-12-06T16:27:13.203601,-23.0,-84.0,12.3,,4418392,469742,,2,,,
2025-12-06T16:27:16.266584,-23.0,-82.0,12.3,,4418392,469742,,2,,,
2025-12-06T16:27:19.310949,-23.0,-82.0,13.9,,4418650,469742,,2,,,
2025-12-06T16:27:22.850687,-24.0,-82.0,13.9,,4418650,469742,,2,,,
2025-12-06T16:27:25.925369,-24.0,-84.0,15.4,,4418908,469742,,2,,,
2025-12-06T16:27:28.936583,-24.0,-82.0,15.4,,4418908,469742,,2,,,
2025-12-06T16:27:31.968780,-24.0,-80.0,15.4,,4418908,469742,,2,,,
2025-12-06T16:27:35.585856,-22.0,-84.0,15.4,,4418994,469742,,2,,,
2025-12-06T16:27:38.578630,-22.0,-88.0,15.4,,4419166,469742,,2,,,
2025-12-06T16:27:41.584794,-22.0,-80.0,15.4,,4419166,469742,,2,,,
2025-12-06T16:27:44.643382,-22.0,-82.0,15.4,,4419166,469742,,2,,,
2025-12-06T16:27:48.285531,-22.0,-82.0,15.4,,4419166,469742,,2,,,
2025-12-06T16:27:51.396255,-22.0,-84.0,15.4,,4419166,469742,,2,,,
2025-12-06T16:27:54.410577,-22.0,-82.0,15.4,,4419166,469742,,2,,,
2025-12-06T16:27:57.456054,-22.0,-84.0,13.9,,4419338,469742,,2,,,
2025-12-06T16:28:01.061068,-22.0,-82.0,13.9,,4419424,469742,,2,,,
2025-12-06T16:28:04.205830,-22.0,-82.0,13.9,,4419424,469742,,2,,,
2025-12-06T16:28:07.265811,-24.0,-80.0,13.9,,4419424,469832,,2,,,
2025-12-06T16:28:10.235872,-24.0,-82.0,13.9,,4419424,469832,,2,,,
2025-12-06T16:28:13.793062,-24.0,-76.0,13.9,,4419510,469874,,2,,,
2025-12-06T16:28:16.825450,-24.0,-76.0,13.9,,4419510,469874,,2,,,
2025-12-06T16:28:19.838472,-24.0,-84.0,13.9,,4419510,469874,,2,,,
2025-12-06T16:28:22.869461,-23.0,-80.0,13.9,,4419634,469956,,2,,,
2025-12-06T16:28:26.485345,-23.0,-80.0,13.9,,4419720,469956,,2,,,
2025-12-06T16:28:29.556001,-24.0,-84.0,13.9,,4419978,469998,,2,,,
2025-12-06T16:28:32.525184,-24.0,-84.0,13.9,,4419978,469998,,2,,,
2025-12-06T16:28:35.511723,-24.0,-82.0,13.9,,4419978,469998,,2,,,
2025-12-06T16:28:39.393973,-22.0,-80.0,12.3,,4420150,469998,,2,,,
2025-12-06T16:28:42.430331,-24.0,-80.0,12.3,,4420236,469998,,2,,,
2025-12-06T16:28:45.517751,-24.0,-82.0,12.3,,4420236,469998,,2,,,
2025-12-06T16:28:48.581650,-24.0,-82.0,12.3,,4420236,469998,,2,,,
2025-12-06T16:28:52.295355,-24.0,-82.0,12.3,,4420236,469998,,2,,,
2025-12-06T16:28:55.356663,-24.0,-82.0,12.3,,4420236,469998,,2,,,
2025-12-06T16:28:58.344824,-24.0,-82.0,12.3,,4420236,469998,,2,,,
2025-12-06T16:29:01.357840,-24.0,-86.0,12.3,,4420494,469998,,2,,,
2025-12-06T16:29:04.964310,-24.0,-82.0,12.3,,4420494,469998,,2,,,
2025-12-06T16:29:08.044341,-24.0,-82.0,12.3,,4420580,469998,,2,,,
2025-12-06T16:29:11.105230,-24.0,-82.0,12.3,,4420752,469998,,2,,,
2025-12-06T16:29:14.104394,-24.0,-82.0,12.3,,4420752,469998,,2,,,
2025-12-06T16:29:17.439104,-24.0,-80.0,12.3,,4420752,469998,,2,,,
2025-12-06T16:29:20.437940,-24.0,-82.0,12.3,,4420752,469998,,2,,,
2025-12-06T16:29:23.427987,-24.0,-82.0,12.3,,4420752,470012,,2,,,
2025-12-06T16:29:26.492249,-24.0,-82.0,12.3,,4420752,470012,,2,,,
2025-12-06T16:29:29.622277,-23.0,-82.0,12.3,,4420924,470012,,2,,,
2025-12-06T16:29:32.704910,-23.0,-82.0,11.1,,4421268,470012,,2,,,
2025-12-06T16:29:35.855499,-23.0,-80.0,11.1,,4421268,470012,,2,,,
2025-12-06T16:29:38.881010,-23.0,-80.0,11.1,,4421268,470012,,2,,,
2025-12-06T16:29:41.889770,-23.0,-80.0,11.1,,4421268,470012,,2,,,
2025-12-06T16:29:45.087204,-23.0,-82.0,11.1,,4421268,470012,,2,,,
2025-12-06T16:29:48.184957,-22.0,-86.0,11.1,,4421440,470012,,2,,,
2025-12-06T16:29:51.217575,-23.0,-84.0,11.1,,4421526,470012,,2,,,
2025-12-06T16:29:54.248902,-23.0,-80.0,11.1,,4421526,470012,,2,,,
2025-12-06T16:29:57.662850,-23.0,-82.0,11.1,,4421526,470012,,2,,,
2025-12-06T16:30:00.697697,-23.0,-82.0,11.1,,4421526,470012,,2,,,
2025-12-06T16:30:03.718225,-23.0,-82.0,11.1,,4421526,470012,,2,,,
2025-12-06T16:30:06.875058,-23.0,-82.0,11.1,,4421526,470012,,2,,,
2025-12-06T16:30:10.655958,-23.0,-82.0,11.1,,4421784,470012,,2,,,
2025-12-06T16:30:13.658269,-23.0,-84.0,11.1,,4421784,470012,,2,,,
2025-12-06T16:30:16.721547,-23.0,-80.0,11.1,,4421784,470012,,2,,,
2025-12-06T16:30:19.826346,-23.0,-82.0,11.1,,4421784,470012,,2,,,
2025-12-06T16:30:23.386072,-23.0,-82.0,11.1,,4421784,470012,,2,,,
2025-12-06T16:30:26.388566,-23.0,-82.0,11.1,,4421784,470012,,2,,,
2025-12-06T16:30:29.429812,-23.0,-82.0,11.1,,4421784,470012,,2,,,
2025-12-06T16:30:32.464110,-23.0,-84.0,11.1,,4421870,470012,,2,,,
2025-12-06T16:30:36.025439,-24.0,-84.0,11.1,,4422042,470012,,2,,,
2025-12-06T16:30:39.065421,-24.0,-84.0,11.1,,4422042,470012,,2,,,
2025-12-06T16:30:42.063053,-24.0,-82.0,11.1,,4422042,470012,,2,,,
2025-12-06T16:30:45.109297,-24.0,-84.0,11.1,,4422042,470012,,2,,,
2025-12-06T16:30:48.698413,-24.0,-82.0,11.1,,4422042,470012,,2,,,
2025-12-06T16:30:51.737568,-24.0,-82.0,11.1,,4422300,470012,,2,,,
2025-12-06T16:30:54.779331,-23.0,-82.0,11.1,,4422300,470012,,2,,,
2025-12-06T16:30:57.775112,-23.0,-80.0,11.1,,4422300,470012,,2,,,
2025-12-06T16:31:01.357018,-23.0,-80.0,11.1,,4422300,470012,,2,,,
2025-12-06T16:31:04.457515,-23.0,-82.0,11.1,,4422300,470012,,2,,,
2025-12-06T16:31:07.442856,-23.0,-82.0,11.1,,4422300,470012,,2,,,
2025-12-06T16:31:10.540450,-23.0,-82.0,11.1,,4422386,470012,,2,,,
2025-12-06T16:31:14.078066,-24.0,-80.0,11.1,,4422558,470012,,2,,,
2025-12-06T16:31:17.098833,-24.0,-80.0,11.1,,4422558,470012,,2,,,
2025-12-06T16:31:20.105512,-22.0,-66.0,12.5,,4422730,470012,,2,,,
2025-12-06T16:31:23.098864,-22.0,-82.0,15.4,,4422816,470012,,2,,,
2025-12-06T16:31:26.786026,-22.0,-82.0,15.4,,4422816,470012,,2,,,
2025-12-06T16:31:29.826963,-22.0,-82.0,15.4,,4422816,470012,,2,,,
2025-12-06T16:31:32.857915,-22.0,-82.0,15.4,,4422816,470012,,2,,,
2025-12-06T16:31:35.852279,-24.0,-80.0,15.4,,4422902,470012,,2,,,
2025-12-06T16:31:39.457667,-23.0,-80.0,15.4,,4423074,470012,,2,,,
2025-12-06T16:31:42.485134,-24.0,-82.0,13.9,,4423332,470012,,2,,,
2025-12-06T16:31:45.551993,-24.0,-82.0,13.9,,4423332,470012,,2,,,
2025-12-06T16:31:48.636674,-24.0,-82.0,13.9,,4423332,470012,,2,,,
2025-12-06T16:31:52.179239,-24.0,-82.0,13.9,,4423332,470012,,2,,,
2025-12-06T16:31:55.195308,-24.0,-82.0,13.9,,4423332,470012,,2,,,
2025-12-06T16:31:58.245810,-24.0,-84.0,13.9,,4423418,470012,,2,,,
2025-12-06T16:32:01.263021,-24.0,-82.0,13.9,,4423590,470012,,2,,,
2025-12-06T16:32:04.577738,-24.0,-82.0,13.9,,4423590,470012,,2,,,
2025-12-06T16:32:07.627740,-24.0,-82.0,13.9,,4423590,470012,,2,,,
2025-12-06T16:32:10.871449,-24.0,-82.0,13.9,,4423590,470012,,2,,,
2025-12-06T16:32:13.919466,-24.0,-82.0,13.9,,4423590,470012,,2,,,
2025-12-06T16:32:17.136559,-24.0,-80.0,13.9,,4423590,470012,,2,,,
2025-12-06T16:32:20.202240,-22.0,-82.0,13.9,,4423762,470012,,2,,,
2025-12-06T16:32:23.286627,-22.0,-82.0,13.9,,4423848,470012,,2,,,
2025-12-06T16:32:26.334986,-22.0,-82.0,13.9,,4423848,470012,,2,,,
2025-12-06T16:32:29.497978,-22.0,-82.0,13.9,,4423848,470012,,2,,,
2025-12-06T16:32:32.504073,-22.0,-82.0,13.9,,4423848,470012,,2,,,
2025-12-06T16:32:35.557638,-22.0,-82.0,13.9,,4423848,470012,,2,,,
2025-12-06T16:32:38.561159,-24.0,-82.0,13.9,,4423848,470102,,2,,,
2025-12-06T16:32:41.621171,-23.0,-82.0,13.9,,4424106,470102,,2,,,
2025-12-06T16:32:44.882251,-22.0,-80.0,13.9,,4424192,470144,,2,,,
2025-12-06T16:32:47.920738,-22.0,-84.0,13.9,,4424192,470144,,2,,,
2025-12-06T16:32:50.977501,-22.0,-80.0,13.9,,4424192,470144,,2,,,
2025-12-06T16:32:53.998550,-22.0,-82.0,13.9,,4424316,470316,,2,,,
2025-12-06T16:32:57.338107,-24.0,-84.0,13.9,,4424564,470480,,2,,,
2025-12-06T16:33:00.381897,-23.0,-84.0,13.9,,4424650,470522,,2,,,
2025-12-06T16:33:03.458185,-23.0,-82.0,13.9,,4424908,470522,,2,,,
2025-12-06T16:33:06.593108,-23.0,-80.0,13.9,,4424908,470522,,2,,,
2025-12-06T16:33:10.131113,-23.0,-82.0,13.9,,4424908,470522,,2,,,
2025-12-06T16:33:13.171870,-24.0,-80.0,13.9,,4425168,470686,,2,,,
2025-12-06T16:33:16.258171,-24.0,-80.0,13.9,,4425168,470686,,2,,,
2025-12-06T16:33:19.265325,-24.0,-80.0,13.9,,4425168,470686,,2,,,
2025-12-06T16:33:22.809445,-24.0,-82.0,13.9,,4425254,470686,,2,,,
2025-12-06T16:33:25.783450,-24.0,-82.0,13.9,,4425426,470686,,2,,,
2025-12-06T16:33:28.752857,-24.0,-82.0,13.9,,4425426,470686,,2,,,
2025-12-06T16:33:31.758340,-24.0,-84.0,13.9,,4425684,470686,,2,,,
2025-12-06T16:33:35.438596,-24.0,-82.0,13.9,,4425684,470686,,2,,,
2025-12-06T16:33:38.497442,-24.0,-80.0,13.9,,4425684,470686,,2,,,
2025-12-06T16:33:41.529837,-24.0,-80.0,13.9,,4425684,470686,,2,,,
2025-12-06T16:33:44.543201,-24.0,-82.0,13.9,,4425942,470686,,2,,,
2025-12-06T16:33:48.222248,-24.0,-82.0,13.9,,4425942,470686,,2,,,
2025-12-06T16:33:51.233993,-24.0,-82.0,13.9,,4425942,470686,,2,,,
2025-12-06T16:33:54.292928,-22.0,-86.0,13.9,,4426200,470686,,2,,,
2025-12-06T16:33:57.325034,-22.0,-82.0,13.9,,4426200,470686,,2,,,
2025-12-06T16:34:00.937127,-22.0,-82.0,13.9,,4426200,470686,,2,,,
2025-12-06T16:34:04.024504,-22.0,-82.0,13.9,,4426200,470686,,2,,,
2025-12-06T16:34:07.187468,-22.0,-80.0,13.9,,4426200,470686,,2,,,
2025-12-06T16:34:10.736077,-24.0,-80.0,13.9,,4426458,470686,,2,,,
2025-12-06T16:34:14.379099,-22.0,-82.0,13.9,,4426458,470686,,2,,,
2025-12-06T16:34:17.434309,-22.0,-84.0,13.9,,4426458,470686,,2,,,
2025-12-06T16:34:20.457898,-22.0,-82.0,13.9,,4426458,470700,,2,,,
2025-12-06T16:34:23.451943,-24.0,-82.0,13.9,,4426458,470700,,2,,,
2025-12-06T16:34:27.061673,-24.0,-82.0,13.9,,4426458,470700,,2,,,
2025-12-06T16:34:30.144239,-24.0,-82.0,13.9,,4426458,470700,,2,,,
2025-12-06T16:34:33.193626,-24.0,-84.0,13.9,,4426716,470700,,2,,,
2025-12-06T16:34:36.168430,-24.0,-84.0,13.9,,4426716,470700,,2,,,
2025-12-06T16:34:39.804825,-24.0,-82.0,13.9,,4426716,470700,,2,,,
2025-12-06T16:34:42.882170,-24.0,-82.0,13.9,,4426716,470700,,2,,,
2025-12-06T16:34:45.907037,-41.0,-82.0,13.9,,4426802,470700,,2,,,
2025-12-06T16:34:49.127412,-22.0,-80.0,13.9,,4426974,470700,,2,,,
2025-12-06T16:34:52.766652,-22.0,-82.0,13.9,,4426974,470700,,2,,,
2025-12-06T16:34:55.787263,-22.0,-84.0,13.9,,4426974,470700,,2,,,
2025-12-06T16:34:58.986319,-22.0,-82.0,13.9,,4426974,470700,,2,,,
2025-12-06T16:35:02.035016,-22.0,-80.0,13.9,,4426974,470700,,2,,,
2025-12-06T16:35:06.606131,-22.0,-82.0,13.9,,4426974,470700,,2,,,
2025-12-06T16:35:09.640853,-22.0,-84.0,13.9,,4426974,470700,,2,,,
2025-12-06T16:35:12.668414,-22.0,-84.0,13.9,,4427060,470700,,2,,,
2025-12-06T16:35:15.690558,-22.0,-82.0,13.9,,4427232,470700,,2,,,
2025-12-06T16:35:19.300464,-22.0,-78.0,13.9,,4427232,470700,,2,,,
2025-12-06T16:35:22.373052,-22.0,-82.0,13.9,,4427232,470700,,2,,,
2025-12-06T16:35:25.434379,-22.0,-82.0,13.9,,4427232,470700,,2,,,
2025-12-06T16:35:28.539984,-22.0,-80.0,13.9,,4427232,470700,,2,,,
2025-12-06T16:35:32.080759,-22.0,-80.0,13.9,,4427232,470700,,2,,,
2025-12-06T16:35:35.139589,-22.0,-84.0,13.9,,4427404,470700,,2,,,
2025-12-06T16:35:38.202831,-23.0,-84.0,13.9,,4427490,470700,,2,,,
2025-12-06T16:35:41.210667,-22.0,-84.0,13.9,,4427576,470700,,2,,,
2025-12-06T16:35:44.735785,-24.0,-82.0,13.9,,4427748,470700,,2,,,
2025-12-06T16:35:47.728652,-24.0,-80.0,13.9,,4427748,470700,,2,,,
2025-12-06T16:35:50.810228,-23.0,-82.0,13.9,,4427920,470700,,2,,,
2025-12-06T16:35:53.821109,-23.0,-82.0,13.9,,4428006,470700,,2,,,
2025-12-06T16:35:57.353239,-23.0,-82.0,13.9,,4428006,470700,,2,,,
2025-12-06T16:36:00.368881,-23.0,-82.0,13.9,,4428006,470700,,2,,,
2025-12-06T16:36:03.368761,-23.0,-82.0,13.9,,4428092,470700,,2,,,
2025-12-06T16:36:06.462636,-24.0,-84.0,13.9,,4428264,470700,,2,,,
2025-12-06T16:36:10.065892,-24.0,-80.0,13.9,,4428264,470700,,2,,,
2025-12-06T16:36:13.119809,-24.0,-80.0,13.9,,4428264,470700,,2,,,
2025-12-06T16:36:16.138866,-24.0,-82.0,13.9,,4428264,470700,,2,,,
2025-12-06T16:36:19.149087,-24.0,-82.0,13.9,,4428264,470700,,2,,,
2025-12-06T16:36:22.289927,-22.0,-84.0,13.9,,4428522,470700,,2,,,
2025-12-06T16:36:25.303460,-23.0,-80.0,13.9,,4428522,470700,,2,,,
2025-12-06T16:36:28.372873,-23.0,-80.0,13.9,,4428522,470700,,2,,,
2025-12-06T16:36:31.368366,-23.0,-84.0,13.9,,4428522,470700,,2,,,
2025-12-06T16:36:34.535417,-23.0,-82.0,13.9,,4428522,470700,,2,,,
2025-12-06T16:36:37.743963,-23.0,-82.0,13.9,,4428522,470700,,2,,,
2025-12-06T16:36:40.729968,-23.0,-82.0,13.9,,4428522,470700,,2,,,
2025-12-06T16:36:43.780447,-23.0,-80.0,13.9,,4428780,470700,,2,,,
2025-12-06T16:36:46.809430,-24.0,-82.0,13.9,,4428780,470700,,2,,,
2025-12-06T16:36:50.302816,-24.0,-82.0,13.9,,4428780,470700,,2,,,
2025-12-06T16:36:53.265050,-23.0,-82.0,13.9,,4428952,470700,,2,,,
2025-12-06T16:36:56.348127,-24.0,-82.0,11.1,,4429038,470700,,2,,,
2025-12-06T16:36:59.350122,-24.0,-80.0,11.1,,4429038,470700,,2,,,
2025-12-06T16:37:02.901007,-24.0,-82.0,11.1,,4429038,470700,,2,,,
2025-12-06T16:37:05.946130,-24.0,-82.0,11.1,,4429038,470790,,2,,,
2025-12-06T16:37:09.028293,-24.0,-82.0,11.1,,4429038,470790,,2,,,
2025-12-06T16:37:12.032971,-23.0,-82.0,11.1,,4429124,470832,,2,,,
2025-12-06T16:37:15.645424,-23.0,-82.0,11.1,,4429124,470832,,2,,,
2025-12-06T16:37:18.701117,-23.0,-84.0,11.1,,4429124,470832,,2,,,
2025-12-06T16:37:21.760926,-23.0,-80.0,11.1,,4429124,470832,,2,,,
2025-12-06T16:37:24.760445,-23.0,-82.0,11.1,,4429506,470914,,2,,,
2025-12-06T16:37:28.411827,-24.0,-80.0,11.1,,4429592,470956,,2,,,
2025-12-06T16:37:31.514227,-23.0,-82.0,11.1,,4429592,470956,,2,,,
2025-12-06T16:37:34.569368,-23.0,-82.0,11.1,,4429592,470956,,2,,,
2025-12-06T16:37:37.591469,-23.0,-82.0,11.1,,4429592,470956,,2,,,
2025-12-06T16:37:41.199975,-23.0,-82.0,11.1,,4429592,470956,,2,,,
2025-12-06T16:37:44.317861,-23.0,-80.0,11.1,,4429592,470956,,2,,,
2025-12-06T16:37:47.380288,-24.0,-84.0,11.1,,4429850,470956,,2,,,
2025-12-06T16:37:50.441483,-24.0,-82.0,11.1,,4429850,470956,,2,,,
2025-12-06T16:37:54.041224,-22.0,-82.0,12.5,,4430022,470956,,2,,,
2025-12-06T16:37:57.053328,-24.0,-82.0,12.5,,4430280,470956,,2,,,
2025-12-06T16:38:00.058977,-24.0,-84.0,12.5,,4430366,470956,,2,,,
2025-12-06T16:38:03.130379,-24.0,-82.0,12.5,,4430366,470956,,2,,,
2025-12-06T16:38:06.823410,-24.0,-84.0,12.5,,4430366,470956,,2,,,
2025-12-06T16:38:09.810557,-24.0,-80.0,12.5,,4430366,470956,,2,,,
2025-12-06T16:38:12.824956,-24.0,-82.0,12.5,,4430366,470956,,2,,,
2025-12-06T16:38:15.817487,-24.0,-82.0,12.5,,4430624,470956,,2,,,
2025-12-06T16:38:19.260761,-22.0,-84.0,12.5,,4430624,470956,,2,,,
2025-12-06T16:38:22.301228,-22.0,-82.0,12.5,,4430624,470956,,2,,,
2025-12-06T16:38:25.291440,-22.0,-82.0,12.5,,4430624,470956,,2,,,
2025-12-06T16:38:28.422839,-22.0,-82.0,12.5,,4430624,470956,,2,,,
2025-12-06T16:38:31.710682,-22.0,-80.0,12.5,,4430710,470956,,2,,,
2025-12-06T16:38:34.711302,-23.0,-82.0,13.9,,4430882,470956,,2,,,
2025-12-06T16:38:37.741950,-23.0,-82.0,13.9,,4430882,470956,,2,,,
2025-12-06T16:38:40.738740,-23.0,-82.0,13.9,,4430882,470956,,2,,,
2025-12-06T16:38:43.840817,-23.0,-80.0,13.9,,4430882,470956,,2,,,
2025-12-06T16:38:46.984535,-23.0,-82.0,13.9,,4430882,470956,,2,,,
2025-12-06T16:38:50.024674,-23.0,-82.0,13.9,,4430882,470956,,2,,,
2025-12-06T16:38:53.028115,-23.0,-76.0,13.9,,4430968,470956,,2,,,
2025-12-06T16:38:56.053020,-24.0,-82.0,13.9,,4431140,470956,,2,,,
2025-12-06T16:38:59.399983,-23.0,-82.0,15.4,,4431226,470956,,2,,,
2025-12-06T16:39:02.410116,-24.0,-82.0,12.3,,4431398,470956,,2,,,
2025-12-06T16:39:05.441704,-24.0,-80.0,12.3,,4431398,470956,,2,,,
2025-12-06T16:39:08.519718,-24.0,-80.0,12.3,,4431398,470956,,2,,,
2025-12-06T16:39:11.946443,-24.0,-82.0,12.3,,4431398,470956,,2,,,
2025-12-06T16:39:15.068473,-24.0,-84.0,12.3,,4431398,470956,,2,,,
2025-12-06T16:39:18.188462,-24.0,-82.0,12.3,,4431398,470956,,2,,,
2025-12-06T16:39:21.281457,-23.0,-80.0,12.3,,4431398,470970,,2,,,
2025-12-06T16:39:24.840776,-23.0,-82.0,12.3,,4431398,470970,,2,,,
2025-12-06T16:39:27.900741,-23.0,-82.0,12.3,,4431398,470970,,2,,,
2025-12-06T16:39:30.947980,-23.0,-82.0,12.3,,4431398,470970,,2,,,
2025-12-06T16:39:34.018157,-23.0,-82.0,12.3,,4431484,470970,,2,,,
2025-12-06T16:39:37.736343,-24.0,-82.0,12.3,,4431656,470970,,2,,,
2025-12-06T16:39:40.827491,-24.0,-82.0,12.3,,4431656,470970,,2,,,
2025-12-06T16:39:43.868128,-24.0,-82.0,12.3,,4431656,470970,,2,,,
2025-12-06T16:39:46.964292,-24.0,-82.0,12.3,,4431656,470970,,2,,,
2025-12-06T16:39:50.565211,-24.0,-82.0,12.3,,4431656,470970,,2,,,
2025-12-06T16:39:53.798322,-24.0,-84.0,12.3,,4431656,470970,,2,,,
2025-12-06T16:39:56.827733,-23.0,-82.0,12.3,,4431742,470970,,2,,,
2025-12-06T16:39:59.864107,-22.0,-80.0,11.1,,4431914,470970,,2,,,
2025-12-06T16:40:03.402719,-23.0,-84.0,11.1,,4432172,470970,,2,,,
2025-12-06T16:40:06.495611,-23.0,-84.0,12.5,,4432430,470970,,2,,,
2025-12-06T16:40:09.608394,-23.0,-80.0,12.5,,4432430,470970,,2,,,
2025-12-06T16:40:12.855237,-23.0,-80.0,12.5,,4432430,470970,,2,,,
2025-12-06T16:40:16.600453,-23.0,-82.0,12.5,,4432430,470970,,2,,,
2025-12-06T16:40:19.660782,-23.0,-82.0,12.5,,4432430,470970,,2,,,
2025-12-06T16:40:22.687620,-23.0,-84.0,12.5,,4432430,470970,,2,,,
2025-12-06T16:40:25.661853,-22.0,-82.0,12.5,,4432602,470970,,2,,,
2025-12-06T16:40:29.323589,-22.0,-84.0,12.5,,4432688,470970,,2,,,
2025-12-06T16:40:32.321553,-22.0,-82.0,12.5,,4432688,470970,,2,,,
2025-12-06T16:40:35.377586,-22.0,-84.0,12.5,,4432688,470970,,2,,,
2025-12-06T16:40:38.381764,-22.0,-82.0,12.5,,4432688,470970,,2,,,
2025-12-06T16:40:41.926147,-22.0,-82.0,12.5,,4432688,470970,,2,,,
2025-12-06T16:40:45.000184,-24.0,-84.0,12.3,,4432946,470970,,2,,,
2025-12-06T16:40:48.170373,-22.0,-82.0,12.3,,4432946,470970,,2,,,
2025-12-06T16:40:51.189284,-22.0,-82.0,12.3,,4432946,470970,,2,,,
2025-12-06T16:40:54.756581,-22.0,-82.0,12.3,,4432946,470970,,2,,,
2025-12-06T16:40:57.789972,-22.0,-82.0,12.3,,4432946,470970,,2,,,
2025-12-06T16:41:00.823427,-22.0,-82.0,12.3,,4432946,470970,,2,,,
2025-12-06T16:41:03.893226,-22.0,-82.0,12.3,,4433118,470970,,2,,,
2025-12-06T16:41:07.776453,-23.0,-84.0,12.3,,4433462,470970,,2,,,
2025-12-06T16:41:10.840580,-23.0,-84.0,12.3,,4433462,470970,,2,,,
2025-12-06T16:41:13.888044,-23.0,-82.0,12.3,,4433462,470970,,2,,,
2025-12-06T16:41:17.135392,-23.0,-82.0,12.3,,4433462,470970,,2,,,
2025-12-06T16:41:20.736275,-23.0,-82.0,12.3,,4433462,470970,,2,,,
2025-12-06T16:41:23.806743,-23.0,-84.0,12.3,,4433462,470970,,2,,,
2025-12-06T16:41:26.890564,-23.0,-82.0,12.3,,4433462,470970,,2,,,
2025-12-06T16:41:29.866891,-23.0,-84.0,12.3,,4433462,470970,,2,,,
2025-12-06T16:41:33.526835,-24.0,-82.0,12.3,,4433462,471060,,2,,,
2025-12-06T16:41:36.643874,-24.0,-82.0,12.3,,4433462,471060,,2,,,
2025-12-06T16:41:39.649313,-24.0,-82.0,12.3,,4433548,471102,,2,,,
2025-12-06T16:41:42.676791,-24.0,-80.0,12.3,,4433548,471102,,2,,,
2025-12-06T16:41:46.243878,-24.0,-80.0,12.3,,4433634,471102,,2,,,
2025-12-06T16:41:49.448143,-22.0,-82.0,9.2,,4433930,471184,,2,,,
2025-12-06T16:41:52.423373,-24.0,-80.0,9.2,,4434178,471348,,2,,,
2025-12-06T16:41:55.500435,-22.0,-82.0,9.2,,4434264,471390,,2,,,
2025-12-06T16:41:58.961698,-22.0,-82.0,9.2,,4434264,471390,,2,,,
2025-12-06T16:42:01.976662,-24.0,-84.0,9.2,,4434264,471480,,2,,,
2025-12-06T16:42:05.007093,-24.0,-82.0,9.2,,4434264,471480,,2,,,
2025-12-06T16:42:08.049305,-24.0,-82.0,9.2,,4434436,471480,,2,,,
2025-12-06T16:42:11.190156,-22.0,-80.0,9.2,,4434780,471480,,2,,,
2025-12-06T16:42:14.349604,-22.0,-82.0,9.2,,4434780,471480,,2,,,
2025-12-06T16:42:17.291493,-24.0,-80.0,8.3,,4435298,471644,,2,,,
2025-12-06T16:42:20.305513,-24.0,-84.0,8.3,,4435298,471644,,2,,,
2025-12-06T16:42:23.293271,-22.0,-82.0,11.1,,4435384,471686,,2,,,
2025-12-06T16:42:26.855341,-22.0,-82.0,11.1,,4435384,471686,,2,,,
2025-12-06T16:42:29.854957,-22.0,-80.0,11.1,,4435384,471686,,2,,,
2025-12-06T16:42:32.867344,-22.0,-84.0,11.1,,4435384,471686,,2,,,
2025-12-06T16:42:35.945875,-22.0,-80.0,11.1,,4435470,471686,,2,,,
2025-12-06T16:42:39.532108,-22.0,-82.0,13.9,,4435642,471686,,2,,,
2025-12-06T16:42:42.594279,-22.0,-84.0,13.9,,4435642,471686,,2,,,
2025-12-06T16:42:45.593180,-22.0,-82.0,13.9,,4435642,471686,,2,,,
2025-12-06T16:42:48.767691,-22.0,-80.0,13.9,,4435642,471686,,2,,,
2025-12-06T16:42:52.346624,-22.0,-82.0,13.9,,4435642,471686,,2,,,
2025-12-06T16:42:55.342106,-23.0,-82.0,13.9,,4435814,471686,,2,,,
2025-12-06T16:42:58.332935,-23.0,-82.0,13.9,,4435900,471686,,2,,,
2025-12-06T16:43:01.302537,-23.0,-82.0,13.9,,4435900,471686,,2,,,
2025-12-06T16:43:04.845720,-23.0,-84.0,13.9,,4435900,471686,,2,,,
2025-12-06T16:43:07.903196,-23.0,-82.0,13.9,,4435900,471686,,2,,,
2025-12-06T16:43:10.930721,-23.0,-82.0,13.9,,4435900,471686,,2,,,
2025-12-06T16:43:13.933308,-22.0,-82.0,13.9,,4436158,471686,,2,,,
2025-12-06T16:43:17.503061,-23.0,-82.0,13.9,,4436330,471686,,2,,,
2025-12-06T16:43:20.512210,-24.0,-84.0,13.9,,4436416,471686,,2,,,
2025-12-06T16:43:23.564412,-24.0,-82.0,13.9,,4436416,471686,,2,,,
2025-12-06T16:43:26.623642,-24.0,-80.0,13.9,,4436416,471686,,2,,,
2025-12-06T16:43:30.327221,-24.0,-82.0,13.9,,4436416,471686,,2,,,
2025-12-06T16:43:33.370890,-24.0,-82.0,13.9,,4436416,471686,,2,,,
2025-12-06T16:43:36.519454,-24.0,-82.0,13.9,,4436416,471686,,2,,,
2025-12-06T16:43:39.549106,-24.0,-82.0,13.9,,4436416,471686,,2,,,
2025-12-06T16:43:43.233781,-24.0,-82.0,13.9,,4436416,471686,,2,,,
2025-12-06T16:43:46.172175,-24.0,-82.0,13.9,,4436416,471686,,2,,,
2025-12-06T16:43:49.264218,-24.0,-80.0,13.9,,4436416,471686,,2,,,
2025-12-06T16:43:52.280274,-24.0,-80.0,13.9,,4436416,471686,,2,,,
2025-12-06T16:43:55.844549,-24.0,-82.0,13.9,,4436416,471686,,2,,,
2025-12-06T16:43:58.844806,-22.0,-82.0,13.9,,4436588,471686,,2,,,
2025-12-06T16:44:01.885069,-22.0,-82.0,13.9,,4436674,471686,,2,,,
2025-12-06T16:44:04.873702,-22.0,-82.0,13.9,,4436674,471686,,2,,,
2025-12-06T16:44:08.195738,-22.0,-80.0,13.9,,4436674,471686,,2,,,
2025-12-06T16:44:11.205701,-22.0,-80.0,13.9,,4436674,471686,,2,,,
2025-12-06T16:44:14.235894,-22.0,-82.0,13.9,,4436760,471686,,2,,,
2025-12-06T16:44:17.266033,-23.0,-82.0,13.9,,4436932,471686,,2,,,
2025-12-06T16:44:20.382476,-22.0,-82.0,13.9,,4437104,471700,,2,,,
2025-12-06T16:44:23.478192,-22.0,-82.0,13.9,,4437190,471700,,2,,,
2025-12-06T16:44:26.564952,-22.0,-80.0,13.9,,4437276,471700,,2,,,
2025-12-06T16:44:29.747016,-23.0,-80.0,13.9,,4437448,471700,,2,,,
2025-12-06T16:44:32.869183,-23.0,-82.0,13.9,,4437448,471700,,2,,,
2025-12-06T16:44:35.978025,-23.0,-82.0,13.9,,4437448,471700,,2,,,
2025-12-06T16:44:39.003997,-23.0,-82.0,13.9,,4437448,471700,,2,,,
2025-12-06T16:44:42.012585,-23.0,-82.0,13.9,,4437448,471700,,2,,,
2025-12-06T16:44:45.012755,-23.0,-80.0,13.9,,4437448,471700,,2,,,
2025-12-06T16:44:48.284876,-22.0,-82.0,13.9,,4437534,471700,,2,,,
2025-12-06T16:44:51.311678,-23.0,-82.0,13.9,,4437706,471700,,2,,,
2025-12-06T16:44:54.403706,-23.0,-82.0,13.9,,4437706,471700,,2,,,
2025-12-06T16:44:57.434591,-23.0,-82.0,13.9,,4437706,471700,,2,,,
2025-12-06T16:45:00.885548,-23.0,-84.0,13.9,,4437706,471700,,2,,,
2025-12-06T16:45:03.943735,-23.0,-84.0,13.9,,4437706,471700,,2,,,
2025-12-06T16:45:07.063244,-22.0,-84.0,15.4,,4437878,471700,,2,,,
2025-12-06T16:45:10.092749,-23.0,-80.0,15.4,,4437964,471700,,2,,,
2025-12-06T16:45:13.622623,-23.0,-80.0,15.4,,4437964,471700,,2,,,
2025-12-06T16:45:16.639288,-23.0,-82.0,15.4,,4438050,471700,,2,,,
2025-12-06T16:45:20.623554,-22.0,-80.0,15.4,,4438222,471700,,2,,,
2025-12-06T16:45:23.868287,-22.0,-82.0,15.4,,4438222,471700,,2,,,
2025-12-06T16:45:26.953447,-22.0,-82.0,15.4,,4438308,471700,,2,,,
2025-12-06T16:45:29.959153,-24.0,-84.0,15.4,,4438480,471700,,2,,,
2025-12-06T16:45:33.001879,-24.0,-82.0,15.4,,4438480,471700,,2,,,
2025-12-06T16:45:36.227081,-24.0,-82.0,15.4,,4438480,471700,,2,,,
2025-12-06T16:45:39.377765,-24.0,-80.0,15.4,,4438480,471700,,2,,,
2025-12-06T16:45:42.524330,-24.0,-82.0,15.4,,4438480,471700,,2,,,
2025-12-06T16:45:45.562866,-24.0,-82.0,15.4,,4438480,471700,,2,,,
2025-12-06T16:45:48.718969,-24.0,-82.0,15.4,,4438480,471700,,2,,,
2025-12-06T16:45:51.906637,-24.0,-82.0,15.4,,4438480,471700,,2,,,
2025-12-06T16:45:54.885278,-24.0,-80.0,15.4,,4438480,471700,,2,,,
2025-12-06T16:45:57.914087,-24.0,-80.0,15.4,,4438480,471700,,2,,,
2025-12-06T16:46:00.975295,-24.0,-80.0,15.4,,4438480,471700,,2,,,
2025-12-06T16:46:04.420896,-24.0,-82.0,15.4,,4438480,471700,,2,,,
2025-12-06T16:46:07.426695,-24.0,-82.0,15.4,,4438480,471700,,2,,,
2025-12-06T16:46:10.454349,-23.0,-82.0,15.4,,4438738,471700,,2,,,
2025-12-06T16:46:13.723644,-21.0,-82.0,15.4,,4438738,471700,,2,,,
2025-12-06T16:46:16.999188,-21.0,-82.0,15.4,,4438738,471700,,2,,,
2025-12-06T16:46:20.086459,-21.0,-82.0,15.4,,4438738,471700,,2,,,
2025-12-06T16:46:23.151892,-23.0,-82.0,15.4,,4438996,471700,,2,,,
2025-12-06T16:46:26.196962,-23.0,-82.0,15.4,,4438996,471700,,2,,,
2025-12-06T16:46:29.712224,-22.0,-80.0,15.4,,4438996,471790,,2,,,
2025-12-06T16:46:32.700201,-22.0,-82.0,15.4,,4439340,471832,,2,,,
2025-12-06T16:46:35.745671,-22.0,-84.0,15.4,,4439340,471832,,2,,,
2025-12-06T16:46:38.716857,-23.0,-82.0,15.4,,4439512,471832,,2,,,
2025-12-06T16:46:42.284697,-23.0,-82.0,15.4,,4439598,471832,,2,,,
2025-12-06T16:46:45.286021,-23.0,-84.0,15.4,,4439912,471996,,2,,,
2025-12-06T16:46:48.298885,-23.0,-84.0,15.4,,4439912,471996,,2,,,
2025-12-06T16:46:51.498786,-23.0,-82.0,15.4,,4439998,472038,,2,,,
2025-12-06T16:46:55.094899,-23.0,-82.0,15.4,,4439998,472038,,2,,,
2025-12-06T16:46:58.143098,-23.0,-82.0,15.4,,4439998,472038,,2,,,
2025-12-06T16:47:01.310710,-40.0,-82.0,12.5,,4440256,472038,,2,,,
2025-12-06T16:47:04.430818,-24.0,-82.0,12.5,,4440256,472038,,2,,,
2025-12-06T16:47:08.073333,-24.0,-80.0,12.5,,4440256,472038,,2,,,
2025-12-06T16:47:11.148849,-24.0,-82.0,12.5,,4440256,472038,,2,,,
2025-12-06T16:47:14.264228,-24.0,-82.0,12.5,,4440256,472038,,2,,,
2025-12-06T16:47:17.300558,-23.0,-82.0,12.5,,4440428,472038,,2,,,
2025-12-06T16:47:20.933474,-23.0,-80.0,12.5,,4440514,472038,,2,,,
2025-12-06T16:47:24.010015,-24.0,-82.0,15.4,,4440600,472038,,2,,,
2025-12-06T16:47:27.166622,-24.0,-84.0,15.4,,4440772,472038,,2,,,
2025-12-06T16:47:30.106723,-24.0,-84.0,15.4,,4440772,472038,,2,,,
2025-12-06T16:47:33.605792,-24.0,-82.0,15.4,,4440772,472038,,2,,,
2025-12-06T16:47:36.795880,-24.0,-82.0,15.4,,4440772,472038,,2,,,
2025-12-06T16:47:39.721259,-24.0,-80.0,15.4,,4440944,472038,,2,,,
2025-12-06T16:47:42.825673,-22.0,-80.0,15.4,,4441030,472038,,2,,,
2025-12-06T16:47:46.486769,-22.0,-82.0,15.4,,4441030,472038,,2,,,
2025-12-06T16:47:49.547081,-22.0,-82.0,15.4,,4441030,472038,,2,,,
2025-12-06T16:47:52.551981,-22.0,-82.0,15.4,,4441030,472038,,2,,,
2025-12-06T16:47:55.665560,-22.0,-80.0,15.4,,4441030,472038,,2,,,
2025-12-06T16:47:59.318593,-22.0,-84.0,15.4,,4441030,472038,,2,,,
2025-12-06T16:48:02.340256,-22.0,-82.0,15.4,,4441030,472038,,2,,,
2025-12-06T16:48:05.355570,-22.0,-82.0,15.4,,4441030,472038,,2,,,
2025-12-06T16:48:08.341216,-22.0,-82.0,15.4,,4441030,472038,,2,,,
2025-12-06T16:48:12.049097,-22.0,-82.0,15.4,,4441030,472038,,2,,,
2025-12-06T16:48:15.060295,-22.0,-82.0,15.4,,4441030,472038,,2,,,
2025-12-06T16:48:18.041461,-22.0,-84.0,15.4,,4441030,472038,,2,,,
2025-12-06T16:48:21.074781,-22.0,-82.0,12.3,,4441202,472038,,2,,,
2025-12-06T16:48:24.349156,-23.0,-82.0,9.2,,4441288,472038,,2,,,
2025-12-06T16:48:27.371519,-24.0,-80.0,9.2,,4441374,472038,,2,,,
2025-12-06T16:48:30.441165,-23.0,-82.0,12.3,,4441546,472038,,2,,,
2025-12-06T16:48:33.468047,-23.0,-82.0,12.3,,4441546,472038,,2,,,
2025-12-06T16:48:36.650888,-23.0,-80.0,12.3,,4441546,472038,,2,,,
2025-12-06T16:48:39.766304,-23.0,-84.0,12.3,,4441546,472038,,2,,,
2025-12-06T16:48:42.779242,-21.0,-82.0,12.3,,4441718,472038,,2,,,
2025-12-06T16:48:45.768754,-23.0,-82.0,12.3,,4441804,472038,,2,,,
2025-12-06T16:48:48.796014,-23.0,-80.0,12.3,,4441890,472038,,2,,,
2025-12-06T16:48:52.129477,-22.0,-82.0,12.3,,4442062,472038,,2,,,
2025-12-06T16:48:55.185833,-22.0,-82.0,12.3,,4442062,472038,,2,,,
2025-12-06T16:48:58.276003,-22.0,-82.0,12.3,,4442062,472038,,2,,,
2025-12-06T16:49:01.273240,-22.0,-82.0,12.3,,4442062,472038,,2,,,
2025-12-06T16:49:04.808357,-22.0,-84.0,12.3,,4442062,472038,,2,,,
2025-12-06T16:49:07.906958,-22.0,-82.0,12.3,,4442062,472038,,2,,,
2025-12-06T16:49:10.968579,-24.0,-82.0,12.3,,4442148,472038,,2,,,
2025-12-06T16:49:14.054596,-23.0,-82.0,12.3,,4442320,472038,,2,,,
2025-12-06T16:49:17.536898,-24.0,-82.0,12.3,,4442320,472052,,2,,,
2025-12-06T16:49:20.581239,-24.0,-84.0,12.3,,4442320,472052,,2,,,
2025-12-06T16:49:23.567946,-24.0,-80.0,12.3,,4442320,472052,,2,,,
2025-12-06T16:49:26.534614,-24.0,-82.0,12.3,,4442320,472052,,2,,,
2025-12-06T16:49:30.348326,-22.0,-82.0,12.3,,4442664,472052,,2,,,
2025-12-06T16:49:33.407273,-24.0,-70.0,12.3,,4442836,472052,,2,,,
2025-12-06T16:49:36.540102,-24.0,-84.0,12.3,,4442836,472052,,2,,,
2025-12-06T16:49:39.596820,-24.0,-80.0,12.3,,4442836,472052,,2,,,
2025-12-06T16:49:43.146238,-24.0,-84.0,12.3,,4442836,472052,,2,,,
2025-12-06T16:49:46.155230,-24.0,-82.0,12.3,,4442836,472052,,2,,,
2025-12-06T16:49:49.218422,-24.0,-80.0,12.3,,4442836,472052,,2,,,
2025-12-06T16:49:52.257567,-23.0,-82.0,12.3,,4443094,472052,,2,,,
2025-12-06T16:49:55.906479,-23.0,-82.0,12.3,,4443094,472052,,2,,,
2025-12-06T16:49:58.925706,-23.0,-82.0,12.3,,4443094,472052,,2,,,
2025-12-06T16:50:01.903282,-23.0,-84.0,12.3,,4443094,472052,,2,,,
2025-12-06T16:50:04.909939,-23.0,-78.0,12.3,,4443094,472052,,2,,,
2025-12-06T16:50:08.508258,-23.0,-80.0,12.3,,4443094,472052,,2,,,
2025-12-06T16:50:11.534831,-23.0,-82.0,12.3,,4443094,472052,,2,,,
2025-12-06T16:50:14.711140,-23.0,-82.0,12.3,,4443094,472052,,2,,,
2025-12-06T16:50:17.784360,-23.0,-80.0,12.3,,4443094,472052,,2,,,
2025-12-06T16:50:21.347845,-23.0,-82.0,12.3,,4443094,472052,,2,,,
2025-12-06T16:50:24.374112,-23.0,-82.0,12.3,,4443094,472052,,2,,,
2025-12-06T16:50:27.407772,-23.0,-82.0,12.3,,4443094,472052,,2,,,
2025-12-06T16:50:30.435276,-23.0,-80.0,12.3,,4443180,472052,,2,,,
2025-12-06T16:50:34.124694,-23.0,-84.0,12.3,,4443524,472142,,2,,,
2025-12-06T16:50:37.157313,-22.0,-80.0,12.3,,4443696,472184,,2,,,
2025-12-06T16:50:40.153051,-23.0,-82.0,12.3,,4443696,472184,,2,,,
2025-12-06T16:50:43.205477,-23.0,-82.0,12.3,,4443696,472184,,2,,,
2025-12-06T16:50:46.911030,-23.0,-82.0,12.3,,4443696,472184,,2,,,
2025-12-06T16:50:49.906982,-22.0,-82.0,12.3,,4444010,472438,,2,,,
2025-12-06T16:50:52.935283,-24.0,-82.0,12.3,,4444096,472438,,2,,,
2025-12-06T16:50:55.935417,-22.0,-82.0,12.3,,4444354,472480,,2,,,
2025-12-06T16:50:59.455789,-22.0,-82.0,12.3,,4444354,472480,,2,,,
2025-12-06T16:51:02.497531,-24.0,-80.0,12.3,,4444612,472480,,2,,,
2025-12-06T16:51:05.596865,-24.0,-84.0,12.3,,4444612,472480,,2,,,
2025-12-06T16:51:08.569253,-23.0,-84.0,12.3,,4444872,472644,,2,,,
2025-12-06T16:51:11.916188,-23.0,-82.0,12.3,,4444872,472644,,2,,,
2025-12-06T16:51:14.988867,-23.0,-82.0,12.3,,4444872,472644,,2,,,
2025-12-06T16:51:17.992559,-23.0,-78.0,12.3,,4444872,472644,,2,,,
2025-12-06T16:51:21.075492,-23.0,-82.0,12.3,,4444872,472644,,2,,,
2025-12-06T16:51:24.298020,-23.0,-80.0,12.3,,4445130,472644,,2,,,
2025-12-06T16:51:27.350507,-23.0,-82.0,12.3,,4445130,472644,,2,,,
2025-12-06T16:51:30.409426,-23.0,-82.0,12.3,,4445130,472644,,2,,,
2025-12-06T16:51:33.470115,-23.0,-84.0,12.3,,4445130,472644,,2,,,
2025-12-06T16:51:36.711259,-23.0,-82.0,12.3,,4445216,472644,,2,,,
2025-12-06T16:51:39.694784,-23.0,-82.0,9.2,,4445560,472644,,2,,,
2025-12-06T16:51:43.029460,-23.0,-82.0,9.2,,4445646,472644,,2,,,
2025-12-06T16:51:46.018822,-23.0,-80.0,9.2,,4445646,472644,,2,,,
2025-12-06T16:51:49.253216,-23.0,-80.0,9.2,,4445646,472644,,2,,,
2025-12-06T16:51:52.270992,-23.0,-82.0,9.2,,4445646,472644,,2,,,
2025-12-06T16:51:55.336418,-23.0,-82.0,9.2,,4445646,472644,,2,,,
2025-12-06T16:51:58.399010,-23.0,-84.0,9.2,,4445646,472644,,2,,,
2025-12-06T16:52:01.550325,-24.0,-82.0,11.1,,4445818,472644,,2,,,
2025-12-06T16:52:04.731916,-23.0,-80.0,11.1,,4445904,472644,,2,,,
2025-12-06T16:52:07.811982,-23.0,-82.0,11.1,,4445904,472644,,2,,,
2025-12-06T16:52:10.789067,-23.0,-84.0,11.1,,4445904,472644,,2,,,
2025-12-06T16:52:13.756553,-23.0,-80.0,11.1,,4445904,472644,,2,,,
2025-12-06T16:52:17.268973,-23.0,-82.0,11.1,,4445904,472644,,2,,,
2025-12-06T16:52:20.327693,-23.0,-82.0,11.1,,4445904,472644,,2,,,
2025-12-06T16:52:23.428977,-23.0,-84.0,11.1,,4445904,472644,,2,,,
2025-12-06T16:52:26.510178,-23.0,-82.0,11.1,,4445904,472644,,2,,,
2025-12-06T16:52:30.005188,-23.0,-82.0,11.1,,4445904,472644,,2,,,
2025-12-06T16:52:33.108861,-23.0,-74.0,11.1,,4445904,472644,,2,,,
2025-12-06T16:52:36.215337,-23.0,-82.0,11.1,,4445904,472644,,2,,,
2025-12-06T16:52:39.259307,-23.0,-80.0,11.1,,4445990,472644,,2,,,
2025-12-06T16:52:42.860338,-24.0,-82.0,13.9,,4446248,472644,,2,,,
2025-12-06T16:52:45.887718,-22.0,-84.0,13.9,,4446420,472644,,2,,,
2025-12-06T16:52:49.037055,-22.0,-84.0,13.9,,4446420,472644,,2,,,
2025-12-06T16:52:52.046448,-22.0,-82.0,13.9,,4446420,472644,,2,,,
2025-12-06T16:52:55.656653,-22.0,-86.0,13.9,,4446420,472644,,2,,,
2025-12-06T16:52:58.796151,-22.0,-82.0,13.9,,4446420,472644,,2,,,
2025-12-06T16:53:01.849110,-22.0,-82.0,13.9,,4446420,472644,,2,,,
2025-12-06T16:53:04.909981,-24.0,-82.0,13.9,,4446592,472644,,2,,,
2025-12-06T16:53:08.448291,-23.0,-82.0,13.9,,4446678,472644,,2,,,
2025-12-06T16:53:11.474356,-24.0,-80.0,13.9,,4446764,472644,,2,,,
2025-12-06T16:53:14.495398,-22.0,-84.0,13.9,,4446936,472644,,2,,,
2025-12-06T16:53:17.569026,-22.0,-82.0,13.9,,4446936,472644,,2,,,
2025-12-06T16:53:21.169874,-22.0,-82.0,13.9,,4446936,472644,,2,,,
2025-12-06T16:53:24.235996,-22.0,-82.0,13.9,,4446936,472644,,2,,,
2025-12-06T16:53:27.317127,-22.0,-82.0,13.9,,4446936,472644,,2,,,
2025-12-06T16:53:30.315836,-22.0,-82.0,13.9,,4446936,472644,,2,,,
2025-12-06T16:53:34.012505,-23.0,-82.0,13.9,,4447108,472644,,2,,,
2025-12-06T16:53:37.170973,-24.0,-84.0,13.9,,4447194,472644,,2,,,
2025-12-06T16:53:40.310664,-24.0,-80.0,13.9,,4447194,472644,,2,,,
2025-12-06T16:53:43.322652,-22.0,-80.0,13.9,,4447366,472644,,2,,,
2025-12-06T16:53:46.908418,-22.0,-82.0,13.9,,4447452,472644,,2,,,
2025-12-06T16:53:49.936706,-22.0,-80.0,13.9,,4447452,472644,,2,,,
2025-12-06T16:53:52.986092,-21.0,-84.0,13.9,,4447710,472644,,2,,,
2025-12-06T16:53:55.972835,-21.0,-84.0,13.9,,4447710,472644,,2,,,
2025-12-06T16:53:59.627895,-21.0,-84.0,13.9,,4447710,472644,,2,,,
2025-12-06T16:54:02.655127,-21.0,-80.0,13.9,,4447710,472644,,2,,,
2025-12-06T16:54:05.644113,-21.0,-80.0,13.9,,4447710,472644,,2,,,
2025-12-06T16:54:08.750935,-21.0,-80.0,13.9,,4447710,472644,,2,,,
2025-12-06T16:54:12.469181,-22.0,-82.0,13.9,,4447796,472644,,2,,,
2025-12-06T16:54:15.733643,-23.0,-80.0,13.9,,4447968,472644,,2,,,
2025-12-06T16:54:18.843172,-24.0,-82.0,13.9,,4447968,472658,,2,,,
2025-12-06T16:54:21.949171,-24.0,-80.0,13.9,,4447968,472658,,2,,,
2025-12-06T16:54:25.586468,-24.0,-80.0,13.9,,4447968,472658,,2,,,
2025-12-06T16:54:28.625602,-24.0,-84.0,13.9,,4447968,472658,,2,,,
2025-12-06T16:54:31.610315,-24.0,-80.0,13.9,,4447968,472658,,2,,,
2025-12-06T16:54:34.639218,-24.0,-80.0,13.9,,4447968,472658,,2,,,
2025-12-06T16:54:38.337987,-24.0,-84.0,13.9,,4447968,472658,,2,,,
2025-12-06T16:54:41.463343,-24.0,-82.0,13.9,,4447968,472658,,2,,,
2025-12-06T16:54:44.613064,-24.0,-82.0,13.9,,4447968,472658,,2,,,
2025-12-06T16:54:47.869762,-24.0,-82.0,13.9,,4448226,472658,,2,,,
2025-12-06T16:54:51.507898,-23.0,-84.0,13.9,,4448226,472658,,2,,,
2025-12-06T16:54:54.592232,-24.0,-82.0,13.9,,4448398,472658,,2,,,
2025-12-06T16:54:57.617766,-22.0,-82.0,13.9,,4448484,472658,,2,,,
2025-12-06T16:55:00.708380,-22.0,-84.0,13.9,,4448484,472658,,2,,,
2025-12-06T16:55:04.369496,-22.0,-80.0,13.9,,4448484,472658,,2,,,
2025-12-06T16:55:07.458635,-22.0,-82.0,13.9,,4448484,472658,,2,,,
2025-12-06T16:55:10.521878,-22.0,-82.0,13.9,,4448484,472658,,2,,,
2025-12-06T16:55:13.520323,-22.0,-82.0,13.9,,4448484,472658,,2,,,
2025-12-06T16:55:17.205600,-24.0,-82.0,13.9,,4448742,472748,,2,,,
2025-12-06T16:55:20.298748,-22.0,-82.0,13.9,,4448742,472748,,2,,,
2025-12-06T16:55:23.875595,-22.0,-80.0,13.9,,4449000,472790,,2,,,
2025-12-06T16:55:26.957509,-23.0,-80.0,13.9,,4449086,472790,,2,,,
2025-12-06T16:55:30.687431,-23.0,-82.0,13.9,,4449086,472790,,2,,,
2025-12-06T16:55:33.832935,-23.0,-80.0,13.9,,4449210,472872,,2,,,
2025-12-06T16:55:36.954128,-23.0,-82.0,13.9,,4449210,472872,,2,,,
2025-12-06T16:55:39.975958,-23.0,-84.0,13.9,,4449296,472914,,2,,,
2025-12-06T16:55:43.625151,-23.0,-82.0,13.9,,4449296,472914,,2,,,
2025-12-06T16:55:46.672349,-24.0,-84.0,13.9,,4449554,472914,,2,,,
2025-12-06T16:55:49.854068,-24.0,-84.0,13.9,,4449640,472914,,2,,,
2025-12-06T16:55:52.973587,-24.0,-80.0,13.9,,4449812,472914,,2,,,
2025-12-06T16:55:56.562958,-24.0,-82.0,13.9,,4449812,472914,,2,,,
2025-12-06T16:55:59.599892,-24.0,-82.0,13.9,,4449812,472914,,2,,,
2025-12-06T16:56:02.621624,-24.0,-84.0,13.9,,4449984,472914,,2,,,
2025-12-06T16:56:05.658091,-22.0,-82.0,13.9,,4450070,472914,,2,,,
2025-12-06T16:56:09.359807,-22.0,-80.0,13.9,,4450070,472914,,2,,,
2025-12-06T16:56:12.416798,-22.0,-80.0,13.9,,4450070,472914,,2,,,
2025-12-06T16:56:15.437013,-22.0,-84.0,13.9,,4450070,472914,,2,,,
2025-12-06T16:56:18.439130,-22.0,-80.0,13.9,,4450070,472914,,2,,,
2025-12-06T16:56:21.936797,-22.0,-82.0,13.9,,4450070,472914,,2,,,
2025-12-06T16:56:25.035236,-23.0,-84.0,13.9,,4450242,472914,,2,,,
2025-12-06T16:56:28.071971,-24.0,-82.0,13.9,,4450328,472914,,2,,,
2025-12-06T16:56:31.129940,-24.0,-80.0,13.9,,4450328,472914,,2,,,
2025-12-06T16:56:34.380413,-24.0,-82.0,13.9,,4450328,472914,,2,,,
2025-12-06T16:56:37.467612,-24.0,-82.0,13.9,,4450328,472914,,2,,,
2025-12-06T16:56:40.513929,-24.0,-82.0,13.9,,4450328,472914,,2,,,
2025-12-06T16:56:43.579260,-24.0,-82.0,13.9,,4450328,472914,,2,,,
2025-12-06T16:56:46.673549,-24.0,-80.0,13.9,,4450328,472914,,2,,,
2025-12-06T16:56:49.684501,-24.0,-84.0,13.9,,4450328,472914,,2,,,
2025-12-06T16:56:52.721090,-24.0,-84.0,13.9,,4450414,472914,,2,,,
2025-12-06T16:56:55.730531,-23.0,-82.0,13.9,,4450586,472914,,2,,,
2025-12-06T16:56:58.759463,-23.0,-80.0,13.9,,4450586,472914,,2,,,
2025-12-06T16:57:02.126462,-23.0,-82.0,13.9,,4450586,472914,,2,,,
2025-12-06T16:57:05.156391,-24.0,-82.0,13.9,,4450672,472914,,2,,,
2025-12-06T16:57:08.174352,-23.0,-84.0,13.9,,4450844,472914,,2,,,
2025-12-06T16:57:11.240989,-23.0,-82.0,13.9,,4450844,472914,,2,,,
2025-12-06T16:57:14.658949,-23.0,-82.0,13.9,,4450844,472914,,2,,,
2025-12-06T16:57:17.811136,-23.0,-82.0,13.9,,4450844,472914,,2,,,
2025-12-06T16:57:20.871631,-23.0,-82.0,13.9,,4450844,472914,,2,,,
2025-12-06T16:57:23.859808,-23.0,-82.0,13.9,,4450844,472914,,2,,,
2025-12-06T16:57:27.378841,-22.0,-80.0,13.9,,4451016,472914,,2,,,
2025-12-06T16:57:30.440460,-24.0,-82.0,13.9,,4451102,472914,,2,,,
2025-12-06T16:57:33.514176,-24.0,-82.0,13.9,,4451102,472914,,2,,,
2025-12-06T16:57:36.590660,-24.0,-82.0,13.9,,4451360,472914,,2,,,
2025-12-06T16:57:40.098210,-24.0,-82.0,13.9,,4451360,472914,,2,,,
2025-12-06T16:57:43.098969,-24.0,-84.0,13.9,,4451360,472914,,2,,,
2025-12-06T16:57:46.135546,-24.0,-84.0,13.9,,4451360,472914,,2,,,
2025-12-06T16:57:49.270143,-24.0,-82.0,13.9,,4451360,472914,,2,,,
2025-12-06T16:57:52.894153,-24.0,-82.0,13.9,,4451360,472914,,2,,,
2025-12-06T16:57:55.900132,-24.0,-82.0,13.9,,4451532,472914,,2,,,
2025-12-06T16:57:58.933731,-22.0,-82.0,13.9,,4451790,472914,,2,,,
2025-12-06T16:58:01.879177,-22.0,-82.0,13.9,,4451790,472914,,2,,,
2025-12-06T16:58:05.509043,-22.0,-84.0,13.9,,4451790,472914,,2,,,
2025-12-06T16:58:08.575512,-22.0,-82.0,13.9,,4451790,472914,,2,,,
2025-12-06T16:58:11.641801,-22.0,-80.0,13.9,,4451790,472914,,2,,,
2025-12-06T16:58:14.781429,-21.0,-82.0,13.9,,4452048,472914,,2,,,
2025-12-06T16:58:18.378989,-23.0,-82.0,13.9,,4452048,472914,,2,,,
2025-12-06T16:58:21.369387,-23.0,-82.0,13.9,,4452048,472914,,2,,,
2025-12-06T16:58:24.419145,-23.0,-84.0,13.9,,4452048,472914,,2,,,
2025-12-06T16:58:27.437678,-23.0,-82.0,13.9,,4452048,472914,,2,,,
2025-12-06T16:58:31.132613,-23.0,-80.0,13.9,,4452048,472914,,2,,,
2025-12-06T16:58:34.158296,-23.0,-82.0,13.9,,4452048,472914,,2,,,
2025-12-06T16:58:37.196796,-23.0,-82.0,13.9,,4452306,472914,,2,,,
2025-12-06T16:58:40.271453,-23.0,-82.0,13.9,,4452306,472914,,2,,,
2025-12-06T16:58:43.852411,-23.0,-82.0,13.9,,4452306,472914,,2,,,
2025-12-06T16:58:46.867905,-23.0,-82.0,13.9,,4452306,472914,,2,,,
2025-12-06T16:58:49.914116,-23.0,-82.0,13.9,,4452306,472914,,2,,,
2025-12-06T16:58:52.850868,-23.0,-82.0,13.9,,4452306,472914,,2,,,
2025-12-06T16:58:56.161298,-23.0,-80.0,13.9,,4452306,472914,,2,,,
2025-12-06T16:58:59.229780,-22.0,-82.0,13.9,,4452392,472914,,2,,,
2025-12-06T16:59:02.204136,-24.0,-82.0,13.9,,4452564,472914,,2,,,
2025-12-06T16:59:05.210755,-24.0,-84.0,13.9,,4452564,472914,,2,,,
2025-12-06T16:59:08.311272,-24.0,-80.0,13.9,,4452564,472914,,2,,,
2025-12-06T16:59:11.522039,-24.0,-82.0,13.9,,4452564,472914,,2,,,
2025-12-06T16:59:14.537068,-24.0,-82.0,13.9,,4452564,472914,,2,,,
2025-12-06T16:59:17.536074,-24.0,-82.0,13.9,,4452736,472928,,2,,,
2025-12-06T16:59:20.601498,-22.0,-80.0,13.9,,4452822,472928,,2,,,
2025-12-06T16:59:24.053675,-22.0,-82.0,13.9,,4452822,472928,,2,,,
2025-12-06T16:59:27.103130,-22.0,-82.0,13.9,,4452822,472928,,2,,,
2025-12-06T16:59:30.233130,-22.0,-82.0,13.9,,4452822,472928,,2,,,
2025-12-06T16:59:33.248017,-22.0,-80.0,13.9,,4452822,472928,,2,,,
2025-12-06T16:59:36.798291,-22.0,-84.0,13.9,,4452822,472928,,2,,,
2025-12-06T16:59:39.850147,-23.0,-82.0,12.5,,4453080,472928,,2,,,
2025-12-06T16:59:42.899702,-23.0,-82.0,12.5,,4453080,472928,,2,,,
2025-12-06T16:59:45.892968,-42.0,-82.0,12.5,,4453252,473018,,2,,,
2025-12-06T16:59:49.520810,-22.0,-82.0,12.5,,4453338,473018,,2,,,
2025-12-06T16:59:52.495224,-23.0,-84.0,11.1,,4453424,473060,,2,,,
2025-12-06T16:59:55.394514,-23.0,-80.0,11.1,,4453424,473060,,2,,,
2025-12-06T16:59:58.493551,-23.0,-80.0,11.1,,4453424,473060,,2,,,
2025-12-06T17:00:02.108112,-24.0,-82.0,13.9,,4453634,473142,,2,,,
2025-12-06T17:00:05.452231,-22.0,-82.0,13.9,,4453806,473142,,2,,,
2025-12-06T17:00:08.487107,-22.0,-82.0,13.9,,4454064,473274,,2,,,
2025-12-06T17:00:11.634674,-22.0,-80.0,13.9,,4454150,473274,,2,,,
2025-12-06T17:00:15.210575,-22.0,-80.0,13.9,,4454150,473274,,2,,,
2025-12-06T17:00:18.200320,-22.0,-82.0,13.9,,4454150,473274,,2,,,
2025-12-06T17:00:21.291570,-22.0,-82.0,13.9,,4454150,473274,,2,,,
2025-12-06T17:00:24.369511,-23.0,-82.0,13.9,,4454496,473438,,2,,,
2025-12-06T17:00:28.025075,-22.0,-82.0,13.9,,4454668,473438,,2,,,
2025-12-06T17:00:31.036813,-22.0,-82.0,13.9,,4454668,473438,,2,,,
2025-12-06T17:00:34.090387,-22.0,-82.0,13.9,,4454668,473438,,2,,,
2025-12-06T17:00:37.221908,-22.0,-80.0,13.9,,4454668,473438,,2,,,
2025-12-06T17:00:40.748725,-22.0,-82.0,13.9,,4454668,473438,,2,,,
2025-12-06T17:00:43.732035,-22.0,-84.0,13.9,,4454668,473438,,2,,,
2025-12-06T17:00:46.720700,-23.0,-80.0,13.9,,4454840,473438,,2,,,
2025-12-06T17:00:49.819394,-24.0,-84.0,13.9,,4454926,473438,,2,,,
2025-12-06T17:00:53.452745,-24.0,-82.0,13.9,,4454926,473438,,2,,,
2025-12-06T17:00:56.514548,-24.0,-82.0,13.9,,4454926,473438,,2,,,
2025-12-06T17:00:59.515521,-24.0,-80.0,13.9,,4454926,473438,,2,,,
2025-12-06T17:01:02.520708,-24.0,-82.0,13.9,,4454926,473438,,2,,,
2025-12-06T17:01:06.180184,-23.0,-84.0,13.9,,4455098,473438,,2,,,
2025-12-06T17:01:09.168845,-24.0,-82.0,13.9,,4455184,473438,,2,,,
2025-12-06T17:01:12.258343,-24.0,-82.0,13.9,,4455184,473438,,2,,,
2025-12-06T17:01:15.354078,-24.0,-80.0,13.9,,4455184,473438,,2,,,
2025-12-06T17:01:19.026611,-24.0,-82.0,13.9,,4455184,473438,,2,,,
2025-12-06T17:01:22.026537,-24.0,-84.0,13.9,,4455184,473438,,2,,,
2025-12-06T17:01:25.099010,-24.0,-82.0,13.9,,4455184,473438,,2,,,
2025-12-06T17:01:28.102601,-24.0,-80.0,13.9,,4455356,473438,,2,,,
2025-12-06T17:01:31.570112,-24.0,-82.0,15.4,,4455442,473438,,2,,,
2025-12-06T17:01:34.707831,-24.0,-82.0,15.4,,4455442,473438,,2,,,
2025-12-06T17:01:37.701450,-24.0,-82.0,15.4,,4455442,473438,,2,,,
2025-12-06T17:01:40.715731,-24.0,-82.0,15.4,,4455442,473438,,2,,,
2025-12-06T17:01:43.962813,-24.0,-82.0,15.4,,4455442,473438,,2,,,
2025-12-06T17:01:46.913804,-24.0,-82.0,15.4,,4455442,473438,,2,,,
2025-12-06T17:01:49.998522,-23.0,-84.0,15.4,,4455614,473438,,2,,,
2025-12-06T17:01:53.034266,-24.0,-82.0,11.1,,4455700,473438,,2,,,
2025-12-06T17:01:56.100151,-24.0,-80.0,11.1,,4455786,473438,,2,,,
2025-12-06T17:01:59.448430,-22.0,-80.0,13.9,,4455958,473438,,2,,,
2025-12-06T17:02:02.549268,-22.0,-84.0,13.9,,4455958,473438,,2,,,
2025-12-06T17:02:05.599831,-22.0,-82.0,13.9,,4455958,473438,,2,,,
2025-12-06T17:02:08.682529,-23.0,-82.0,13.9,,4456044,473438,,2,,,
2025-12-06T17:02:11.783551,-22.0,-82.0,13.9,,4456216,473438,,2,,,
2025-12-06T17:02:14.862620,-22.0,-82.0,13.9,,4456216,473438,,2,,,
2025-12-06T17:02:17.998368,-22.0,-80.0,13.9,,4456302,473438,,2,,,
2025-12-06T17:02:20.993926,-24.0,-82.0,13.9,,4456474,473438,,2,,,
2025-12-06T17:02:24.265764,-24.0,-82.0,13.9,,4456474,473438,,2,,,
2025-12-06T17:02:27.261713,-24.0,-82.0,13.9,,4456474,473438,,2,,,
2025-12-06T17:02:30.299013,-24.0,-80.0,13.9,,4456474,473438,,2,,,
2025-12-06T17:02:33.302673,-24.0,-82.0,13.9,,4456474,473438,,2,,,
2025-12-06T17:02:36.970369,-22.0,-80.0,13.9,,4456646,473438,,2,,,
2025-12-06T17:02:39.986828,-23.0,-82.0,13.9,,4456732,473438,,2,,,
2025-12-06T17:02:43.049358,-23.0,-82.0,13.9,,4456732,473438,,2,,,
2025-12-06T17:02:46.077308,-23.0,-80.0,13.9,,4456732,473438,,2,,,
2025-12-06T17:02:49.674823,-23.0,-82.0,13.9,,4456732,473438,,2,,,
2025-12-06T17:02:52.699756,-23.0,-84.0,13.9,,4456732,473438,,2,,,
2025-12-06T17:02:55.685904,-23.0,-82.0,13.9,,4456732,473438,,2,,,
2025-12-06T17:02:58.795151,-22.0,-80.0,13.9,,4456990,473438,,2,,,
2025-12-06T17:03:02.398237,-22.0,-82.0,13.9,,4456990,473438,,2,,,
2025-12-06T17:03:05.422778,-22.0,-82.0,13.9,,4456990,473438,,2,,,
2025-12-06T17:03:08.423780,-22.0,-82.0,13.9,,4456990,473438,,2,,,
2025-12-06T17:03:11.483896,-23.0,-82.0,13.9,,4457076,473438,,2,,,
2025-12-06T17:03:15.002678,-22.0,-80.0,13.9,,4457248,473438,,2,,,
2025-12-06T17:03:18.029109,-22.0,-82.0,13.9,,4457248,473438,,2,,,
2025-12-06T17:03:21.115787,-22.0,-82.0,13.9,,4457248,473438,,2,,,
2025-12-06T17:03:24.236436,-22.0,-84.0,13.9,,4457248,473438,,2,,,
2025-12-06T17:03:27.774649,-22.0,-82.0,13.9,,4457248,473438,,2,,,
2025-12-06T17:03:30.943177,-22.0,-84.0,13.9,,4457248,473438,,2,,,
2025-12-06T17:03:34.081780,-22.0,-82.0,13.9,,4457248,473438,,2,,,
2025-12-06T17:03:37.159076,-22.0,-84.0,13.9,,4457248,473438,,2,,,
2025-12-06T17:03:40.778179,-23.0,-84.0,13.9,,4457506,473438,,2,,,
2025-12-06T17:03:43.795161,-24.0,-80.0,13.9,,4457506,473438,,2,,,
2025-12-06T17:03:46.873094,-24.0,-84.0,13.9,,4457506,473438,,2,,,
2025-12-06T17:03:50.036045,-24.0,-82.0,13.9,,4457506,473438,,2,,,
2025-12-06T17:03:53.626627,-24.0,-82.0,13.9,,4457506,473438,,2,,,
2025-12-06T17:03:56.661659,-24.0,-82.0,13.9,,4457506,473438,,2,,,
2025-12-06T17:03:59.717120,-24.0,-80.0,13.9,,4457506,473438,,2,,,
2025-12-06T17:04:02.754302,-24.0,-80.0,12.5,,4457764,473438,,2,,,
2025-12-06T17:04:06.487780,-24.0,-80.0,12.5,,4457764,473438,,2,,,
2025-12-06T17:04:09.554034,-23.0,-84.0,12.5,,4458022,473438,,2,,,
2025-12-06T17:04:12.632067,-24.0,-82.0,12.5,,4458022,473438,,2,,,
2025-12-06T17:04:15.620875,-22.0,-82.0,15.4,,4458194,473452,,2,,,
2025-12-06T17:04:19.137207,-22.0,-82.0,15.4,,4458280,473452,,2,,,
2025-12-06T17:04:22.100374,-22.0,-82.0,15.4,,4458280,473452,,2,,,
2025-12-06T17:04:25.077842,-22.0,-82.0,15.4,,4458280,473452,,2,,,
2025-12-06T17:04:28.100505,-22.0,-80.0,15.4,,4458280,473452,,2,,,
2025-12-06T17:04:31.234168,-21.0,-82.0,15.4,,4458538,473452,,2,,,
2025-12-06T17:04:34.281480,-22.0,-82.0,15.4,,4458538,473452,,2,,,
2025-12-06T17:04:37.378004,-23.0,-82.0,15.4,,4458538,473542,,2,,,
2025-12-06T17:04:40.437422,-24.0,-82.0,15.4,,4458624,473584,,2,,,
2025-12-06T17:04:43.623167,-24.0,-82.0,15.4,,4458624,473584,,2,,,
2025-12-06T17:04:46.666732,-24.0,-82.0,15.4,,4458710,473584,,2,,,
2025-12-06T17:04:49.736360,-24.0,-84.0,15.4,,4458882,473584,,2,,,
2025-12-06T17:04:52.839065,-22.0,-84.0,15.4,,4459196,473748,,2,,,
2025-12-06T17:04:55.977999,-22.0,-80.0,15.4,,4459196,473748,,2,,,
2025-12-06T17:04:59.058985,-24.0,-80.0,15.4,,4459282,473790,,2,,,
2025-12-06T17:05:02.068417,-24.0,-82.0,15.4,,4459282,473790,,2,,,
2025-12-06T17:05:05.140390,-24.0,-80.0,15.4,,4459282,473790,,2,,,
2025-12-06T17:05:08.240262,-23.0,-80.0,15.4,,4459368,473790,,2,,,
2025-12-06T17:05:11.574428,-22.0,-82.0,15.4,,4459540,473790,,2,,,
2025-12-06T17:05:14.658080,-22.0,-82.0,15.4,,4459540,473790,,2,,,
2025-12-06T17:05:17.668217,-22.0,-82.0,15.4,,4459626,473790,,2,,,
2025-12-06T17:05:20.873448,-22.0,-80.0,13.9,,4459798,473790,,2,,,
2025-12-06T17:05:24.717091,-22.0,-82.0,13.9,,4459798,473790,,2,,,
2025-12-06T17:05:27.742168,-22.0,-82.0,13.9,,4459798,473790,,2,,,
2025-12-06T17:05:30.860709,-22.0,-78.0,13.9,,4459798,473790,,2,,,
2025-12-06T17:05:33.822109,-22.0,-82.0,13.9,,4459798,473790,,2,,,
2025-12-06T17:05:37.344294,-22.0,-82.0,13.9,,4459798,473790,,2,,,
2025-12-06T17:05:40.285213,-22.0,-84.0,13.9,,4459798,473790,,2,,,
2025-12-06T17:05:43.393608,-22.0,-78.0,13.9,,4459798,473790,,2,,,
2025-12-06T17:05:46.422039,-22.0,-82.0,13.9,,4459798,473790,,2,,,
2025-12-06T17:05:49.866108,-23.0,-82.0,13.9,,4459884,473790,,2,,,
2025-12-06T17:05:53.112788,-23.0,-82.0,13.9,,4460056,473790,,2,,,
2025-12-06T17:05:56.124296,-23.0,-84.0,13.9,,4460056,473790,,2,,,
2025-12-06T17:05:59.122225,-23.0,-80.0,13.9,,4460056,473790,,2,,,
2025-12-06T17:06:02.698928,-23.0,-82.0,13.9,,4460056,473790,,2,,,
2025-12-06T17:06:05.756525,-23.0,-84.0,13.9,,4460056,473790,,2,,,
2025-12-06T17:06:08.846644,-23.0,-82.0,13.9,,4460056,473790,,2,,,
2025-12-06T17:06:11.936709,-24.0,-82.0,13.9,,4460228,473790,,2,,,
2025-12-06T17:06:15.526396,-23.0,-82.0,13.9,,4460314,473790,,2,,,
2025-12-06T17:06:18.806315,-23.0,-78.0,13.9,,4460400,473790,,2,,,
2025-12-06T17:06:21.803069,-39.0,-82.0,15.4,,4460744,473790,,2,,,
2025-12-06T17:06:24.962657,-22.0,-82.0,15.4,,4460830,473790,,2,,,
2025-12-06T17:06:28.460911,-22.0,-82.0,15.4,,4460830,473790,,2,,,
2025-12-06T17:06:31.465054,-22.0,-82.0,15.4,,4460830,473790,,2,,,
2025-12-06T17:06:34.583620,-22.0,-82.0,15.4,,4460830,473790,,2,,,
2025-12-06T17:06:37.677633,-22.0,-82.0,15.4,,4460830,473790,,2,,,
2025-12-06T17:06:41.245809,-24.0,-84.0,15.4,,4460916,473790,,2,,,
2025-12-06T17:06:44.241762,-22.0,-82.0,15.4,,4461088,473790,,2,,,
2025-12-06T17:06:47.275429,-22.0,-80.0,15.4,,4461088,473790,,2,,,
2025-12-06T17:06:50.362535,-22.0,-80.0,15.4,,4461088,473790,,2,,,
2025-12-06T17:06:53.964887,-22.0,-82.0,15.4,,4461088,473790,,2,,,
2025-12-06T17:06:57.012892,-22.0,-78.0,15.4,,4461088,473790,,2,,,
2025-12-06T17:06:59.974242,-22.0,-82.0,11.1,,4461346,473790,,2,,,
2025-12-06T17:07:02.965056,-24.0,-80.0,11.1,,4461346,473790,,2,,,
2025-12-06T17:07:06.605584,-24.0,-82.0,11.1,,4461346,473790,,2,,,
2025-12-06T17:07:09.700608,-24.0,-80.0,11.1,,4461346,473790,,2,,,
2025-12-06T17:07:12.717325,-24.0,-82.0,11.1,,4461346,473790,,2,,,
2025-12-06T17:07:15.742494,-24.0,-80.0,11.1,,4461346,473790,,2,,,
2025-12-06T17:07:19.309755,-24.0,-82.0,11.1,,4461346,473790,,2,,,
2025-12-06T17:07:22.318765,-22.0,-80.0,13.9,,4461604,473790,,2,,,
2025-12-06T17:07:25.359154,-23.0,-82.0,13.9,,4461776,473790,,2,,,
2025-12-06T17:07:28.463063,-23.0,-80.0,15.4,,4461862,473790,,2,,,
2025-12-06T17:07:32.159101,-23.0,-82.0,15.4,,4461862,473790,,2,,,
2025-12-06T17:07:35.235338,-23.0,-80.0,15.4,,4461862,473790,,2,,,
2025-12-06T17:07:38.458120,-23.0,-82.0,15.4,,4461862,473790,,2,,,
2025-12-06T17:07:41.545744,-23.0,-80.0,15.4,,4461862,473790,,2,,,
2025-12-06T17:07:45.116277,-23.0,-84.0,15.4,,4461862,473790,,2,,,
2025-12-06T17:07:48.201844,-23.0,-82.0,15.4,,4461862,473790,,2,,,
2025-12-06T17:07:51.235942,-23.0,-82.0,15.4,,4461862,473790,,2,,,
2025-12-06T17:07:54.236932,-23.0,-82.0,15.4,,4461862,473790,,2,,,
2025-12-06T17:07:57.874942,-23.0,-82.0,15.4,,4461862,473790,,2,,,
2025-12-06T17:08:00.940753,-23.0,-82.0,15.4,,4461948,473790,,2,,,
2025-12-06T17:08:04.008876,-23.0,-84.0,12.5,,4462120,473790,,2,,,
2025-12-06T17:08:07.160186,-23.0,-84.0,12.5,,4462120,473790,,2,,,
2025-12-06T17:08:10.745471,-23.0,-82.0,12.5,,4462120,473790,,2,,,
2025-12-06T17:08:13.795521,-23.0,-82.0,12.5,,4462120,473790,,2,,,
2025-12-06T17:08:16.812608,-23.0,-80.0,12.5,,4462120,473790,,2,,,
2025-12-06T17:08:19.856771,-23.0,-82.0,12.5,,4462120,473790,,2,,,
2025-12-06T17:08:23.517642,-21.0,-84.0,12.5,,4462206,473790,,2,,,
2025-12-06T17:08:26.483355,-23.0,-82.0,15.4,,4462378,473790,,2,,,
2025-12-06T17:08:29.485648,-23.0,-84.0,11.1,,4462636,473790,,2,,,
2025-12-06T17:08:32.458329,-24.0,-84.0,13.9,,4462894,473790,,2,,,
2025-12-06T17:08:35.820735,-24.0,-82.0,13.9,,4462894,473790,,2,,,
2025-12-06T17:08:38.907170,-24.0,-80.0,13.9,,4462894,473790,,2,,,
2025-12-06T17:08:41.942770,-24.0,-84.0,13.9,,4462894,473790,,2,,,
2025-12-06T17:08:45.071423,-24.0,-84.0,13.9,,4462894,473790,,2,,,
2025-12-06T17:08:48.271537,-24.0,-82.0,13.9,,4462894,473790,,2,,,
2025-12-06T17:08:51.326097,-24.0,-82.0,13.9,,4462894,473790,,2,,,
2025-12-06T17:08:54.356917,-23.0,-82.0,13.9,,4463152,473880,,2,,,
2025-12-06T17:08:57.418735,-23.0,-82.0,13.9,,4463152,473880,,2,,,
2025-12-06T17:09:00.552865,-22.0,-82.0,13.9,,4463238,473922,,2,,,
2025-12-06T17:09:03.737771,-22.0,-84.0,13.9,,4463238,473922,,2,,,
2025-12-06T17:09:06.828129,-22.0,-82.0,13.9,,4463238,473922,,2,,,
2025-12-06T17:09:09.845078,-24.0,-80.0,13.9,,4463448,474004,,2,,,
2025-12-06T17:09:13.039100,-25.0,-82.0,13.9,,4463620,474018,,2,,,
2025-12-06T17:09:16.111177,-23.0,-82.0,13.9,,4463706,474060,,2,,,
2025-12-06T17:09:19.210448,-23.0,-84.0,13.9,,4463706,474060,,2,,,
2025-12-06T17:09:22.226446,-23.0,-82.0,13.9,,4463706,474060,,2,,,
2025-12-06T17:09:25.311649,-23.0,-80.0,13.9,,4463706,474060,,2,,,
2025-12-06T17:09:28.534127,-24.0,-80.0,13.9,,4463706,474150,,2,,,
2025-12-06T17:09:31.526499,-22.0,-80.0,12.3,,4463964,474150,,2,,,
2025-12-06T17:09:34.560358,-24.0,-82.0,13.9,,4464308,474192,,2,,,
2025-12-06T17:09:37.559851,-24.0,-80.0,13.9,,4464308,474192,,2,,,
2025-12-06T17:09:41.002115,-24.0,-82.0,13.9,,4464308,474192,,2,,,
2025-12-06T17:09:44.017830,-27.0,-82.0,13.9,,4464568,474356,,2,,,
2025-12-06T17:09:47.125183,-24.0,-84.0,13.9,,4464568,474356,,2,,,
2025-12-06T17:09:50.125182,-24.0,-80.0,13.9,,4464568,474356,,2,,,
2025-12-06T17:09:53.710465,-24.0,-84.0,13.9,,4464568,474356,,2,,,
2025-12-06T17:09:56.785355,-24.0,-80.0,13.9,,4464568,474356,,2,,,
2025-12-06T17:09:59.810961,-24.0,-82.0,13.9,,4464568,474356,,2,,,
2025-12-06T17:10:02.841851,-24.0,-82.0,13.9,,4464568,474356,,2,,,
2025-12-06T17:10:06.498363,-24.0,-84.0,13.9,,4464568,474356,,2,,,
2025-12-06T17:10:09.600561,-24.0,-84.0,13.9,,4464568,474356,,2,,,
2025-12-06T17:10:12.596783,-42.0,-82.0,13.9,,4464654,474356,,2,,,
2025-12-06T17:10:15.624258,-22.0,-80.0,13.9,,4464826,474356,,2,,,
2025-12-06T17:10:19.799114,-22.0,-82.0,13.9,,4464826,474356,,2,,,
2025-12-06T17:10:23.099996,-22.0,-82.0,13.9,,4464826,474356,,2,,,
2025-12-06T17:10:26.118386,-22.0,-82.0,13.9,,4464826,474356,,2,,,
2025-12-06T17:10:29.130723,-22.0,-82.0,13.9,,4464826,474356,,2,,,
2025-12-06T17:10:32.766156,-22.0,-82.0,13.9,,4464826,474356,,2,,,
2025-12-06T17:10:35.881727,-23.0,-82.0,13.9,,4465342,474356,,2,,,
2025-12-06T17:10:38.967952,-22.0,-82.0,13.9,,4465342,474356,,2,,,
2025-12-06T17:10:42.002061,-23.0,-84.0,13.9,,4465514,474356,,2,,,
2025-12-06T17:10:45.671360,-24.0,-82.0,13.9,,4465600,474356,,2,,,
2025-12-06T17:10:48.688809,-24.0,-82.0,13.9,,4465600,474356,,2,,,
2025-12-06T17:10:51.733658,-24.0,-82.0,13.9,,4465600,474356,,2,,,
2025-12-06T17:10:54.746641,-24.0,-80.0,13.9,,4465600,474356,,2,,,
2025-12-06T17:10:58.374280,-24.0,-84.0,13.9,,4465600,474356,,2,,,
2025-12-06T17:11:01.381299,-24.0,-82.0,13.9,,4465600,474356,,2,,,
2025-12-06T17:11:04.425168,-24.0,-84.0,15.4,,4465772,474356,,2,,,
2025-12-06T17:11:07.454944,-22.0,-80.0,15.4,,4465858,474356,,2,,,
2025-12-06T17:11:11.158142,-22.0,-82.0,15.4,,4465858,474356,,2,,,
2025-12-06T17:11:14.246035,-22.0,-84.0,15.4,,4465858,474356,,2,,,
2025-12-06T17:11:17.277447,-22.0,-84.0,15.4,,4465858,474356,,2,,,
2025-12-06T17:11:20.280150,-23.0,-80.0,15.4,,4465944,474356,,2,,,
2025-12-06T17:11:23.819049,-23.0,-82.0,15.4,,4466116,474356,,2,,,
2025-12-06T17:11:26.841540,-23.0,-82.0,15.4,,4466116,474356,,2,,,
2025-12-06T17:11:29.897444,-23.0,-82.0,15.4,,4466116,474356,,2,,,
2025-12-06T17:11:32.937155,-23.0,-80.0,15.4,,4466116,474356,,2,,,
2025-12-06T17:11:36.717763,-23.0,-82.0,15.4,,4466202,474356,,2,,,
2025-12-06T17:11:39.746533,-22.0,-82.0,15.4,,4466374,474356,,2,,,
2025-12-06T17:11:42.725323,-23.0,-84.0,15.4,,4466460,474356,,2,,,
2025-12-06T17:11:45.769781,-23.0,-84.0,13.9,,4466632,474356,,2,,,
2025-12-06T17:11:49.079628,-23.0,-84.0,13.9,,4466632,474356,,2,,,
2025-12-06T17:11:52.165897,-23.0,-82.0,13.9,,4466632,474356,,2,,,
2025-12-06T17:11:55.163577,-23.0,-82.0,13.9,,4466632,474356,,2,,,
2025-12-06T17:11:58.261344,-23.0,-82.0,13.9,,4466632,474356,,2,,,
2025-12-06T17:12:01.499729,-23.0,-82.0,13.9,,4466632,474356,,2,,,
2025-12-06T17:12:04.559351,-23.0,-82.0,13.9,,4466632,474356,,2,,,
2025-12-06T17:12:07.547069,-23.0,-82.0,13.9,,4466632,474356,,2,,,
2025-12-06T17:12:10.590993,-23.0,-82.0,13.9,,4466632,474356,,2,,,
2025-12-06T17:12:13.658507,-23.0,-80.0,13.9,,4466632,474356,,2,,,
2025-12-06T17:12:16.764915,-23.0,-80.0,13.9,,4466632,474356,,2,,,
2025-12-06T17:12:20.038167,-23.0,-82.0,13.9,,4466632,474356,,2,,,
2025-12-06T17:12:23.123143,-23.0,-82.0,13.9,,4466632,474356,,2,,,
2025-12-06T17:12:26.165683,-22.0,-80.0,12.3,,4466890,474356,,2,,,
2025-12-06T17:12:29.412761,-22.0,-80.0,12.3,,4466890,474356,,2,,,
2025-12-06T17:12:32.476141,-22.0,-84.0,12.3,,4466890,474356,,2,,,
2025-12-06T17:12:35.433639,-22.0,-82.0,12.3,,4466890,474356,,2,,,
2025-12-06T17:12:38.413976,-22.0,-80.0,12.3,,4466890,474356,,2,,,
2025-12-06T17:12:41.823118,-23.0,-82.0,12.3,,4467148,474356,,2,,,
2025-12-06T17:12:44.862099,-23.0,-82.0,12.3,,4467148,474356,,2,,,
2025-12-06T17:12:47.841285,-22.0,-80.0,12.3,,4467406,474356,,2,,,
2025-12-06T17:12:50.802768,-22.0,-80.0,12.3,,4467406,474356,,2,,,
2025-12-06T17:12:54.427502,-24.0,-82.0,12.3,,4467578,474356,,2,,,
2025-12-06T17:12:57.474148,-22.0,-82.0,9.2,,4467664,474356,,2,,,
2025-12-06T17:13:00.492684,-22.0,-82.0,9.2,,4467664,474356,,2,,,
2025-12-06T17:13:03.539938,-22.0,-82.0,9.2,,4467664,474356,,2,,,
2025-12-06T17:13:07.382887,-22.0,-84.0,9.2,,4467664,474356,,2,,,
2025-12-06T17:13:10.383259,-22.0,-84.0,9.2,,4467664,474356,,2,,,
2025-12-06T17:13:13.423678,-22.0,-82.0,9.2,,4467664,474356,,2,,,
2025-12-06T17:13:16.442030,-22.0,-82.0,12.3,,4467922,474356,,2,,,
2025-12-06T17:13:19.978353,-22.0,-80.0,12.3,,4467922,474356,,2,,,
2025-12-06T17:13:22.980902,-22.0,-82.0,12.3,,4467922,474356,,2,,,
2025-12-06T17:13:26.022844,-22.0,-82.0,12.3,,4467922,474356,,2,,,
2025-12-06T17:13:28.950958,-22.0,-82.0,12.3,,4467922,474356,,2,,,
2025-12-06T17:13:32.520598,-23.0,-82.0,12.3,,4468008,474356,,2,,,
2025-12-06T17:13:35.532726,-23.0,-82.0,12.3,,4468180,474356,,2,,,
2025-12-06T17:13:38.578855,-23.0,-84.0,12.3,,4468180,474356,,2,,,
2025-12-06T17:13:41.661833,-23.0,-82.0,12.3,,4468180,474356,,2,,,
2025-12-06T17:13:45.418847,-24.0,-82.0,12.3,,4468438,474446,,2,,,
2025-12-06T17:13:48.398344,-24.0,-82.0,12.3,,4468438,474446,,2,,,
2025-12-06T17:13:51.396330,-24.0,-82.0,8.3,,4468524,474488,,2,,,
2025-12-06T17:13:54.424091,-23.0,-80.0,12.3,,4468696,474488,,2,,,
2025-12-06T17:13:58.097763,-22.0,-80.0,12.3,,4468782,474488,,2,,,
2025-12-06T17:14:01.157727,-22.0,-82.0,12.3,,4468906,474570,,2,,,
2025-12-06T17:14:04.225117,-23.0,-82.0,12.3,,4468906,474570,,2,,,
2025-12-06T17:14:07.258655,-22.0,-82.0,12.3,,4468992,474612,,2,,,
2025-12-06T17:14:10.799530,-22.0,-80.0,12.3,,4468992,474612,,2,,,
2025-12-06T17:14:13.864276,-22.0,-84.0,12.3,,4468992,474626,,2,,,
2025-12-06T17:14:16.824179,-22.0,-82.0,12.3,,4468992,474626,,2,,,
2025-12-06T17:14:19.763388,-22.0,-80.0,12.3,,4468992,474626,,2,,,
2025-12-06T17:14:22.969377,-22.0,-82.0,12.3,,4468992,474626,,2,,,
2025-12-06T17:14:25.990672,-22.0,-80.0,12.3,,4468992,474626,,2,,,
2025-12-06T17:14:29.005811,-22.0,-82.0,12.3,,4468992,474626,,2,,,
2025-12-06T17:14:31.967320,-22.0,-82.0,12.3,,4468992,474626,,2,,,
2025-12-06T17:14:35.025945,-24.0,-82.0,12.3,,4469078,474626,,2,,,
2025-12-06T17:14:38.305993,-24.0,-82.0,12.3,,4469250,474626,,2,,,
2025-12-06T17:14:41.278974,-24.0,-80.0,12.3,,4469250,474626,,2,,,
2025-12-06T17:14:44.245328,-24.0,-82.0,12.3,,4469250,474626,,2,,,
2025-12-06T17:14:47.212156,-24.0,-82.0,12.3,,4469422,474626,,2,,,
2025-12-06T17:14:50.803850,-24.0,-82.0,12.3,,4469508,474626,,2,,,
2025-12-06T17:14:53.813820,-24.0,-82.0,12.3,,4469508,474626,,2,,,
2025-12-06T17:14:56.940388,-22.0,-82.0,12.3,,4469594,474626,,2,,,
2025-12-06T17:15:00.052781,-23.0,-80.0,12.3,,4469766,474626,,2,,,
2025-12-06T17:15:03.680614,-23.0,-82.0,12.3,,4469852,474626,,2,,,
2025-12-06T17:15:06.811971,-22.0,-82.0,11.1,,4470024,474626,,2,,,
2025-12-06T17:15:09.865011,-22.0,-72.0,11.1,,4470024,474626,,2,,,
2025-12-06T17:15:12.864116,-22.0,-82.0,11.1,,4470024,474626,,2,,,
2025-12-06T17:15:16.496534,-22.0,-84.0,11.1,,4470024,474626,,2,,,
2025-12-06T17:15:19.648013,-22.0,-82.0,11.1,,4470024,474626,,2,,,
2025-12-06T17:15:22.693052,-22.0,-82.0,11.1,,4470024,474626,,2,,,
2025-12-06T17:15:26.404326,-22.0,-82.0,11.1,,4470196,474626,,2,,,
2025-12-06T17:15:29.903295,-23.0,-82.0,13.9,,4470282,474626,,2,,,
2025-12-06T17:15:32.892895,-23.0,-82.0,13.9,,4470282,474626,,2,,,
2025-12-06T17:15:36.060392,-23.0,-82.0,13.9,,4470282,474626,,2,,,
2025-12-06T17:15:39.053825,-23.0,-80.0,13.9,,4470282,474626,,2,,,
2025-12-06T17:15:42.553220,-23.0,-82.0,13.9,,4470282,474626,,2,,,
2025-12-06T17:15:45.690327,-24.0,-82.0,12.3,,4470540,474626,,2,,,
2025-12-06T17:15:48.781014,-24.0,-82.0,12.3,,4470540,474626,,2,,,
2025-12-06T17:15:51.770070,-24.0,-80.0,12.3,,4470798,474626,,2,,,
2025-12-06T17:15:55.320447,-24.0,-80.0,12.3,,4470798,474626,,2,,,
2025-12-06T17:15:58.469917,-24.0,-78.0,12.3,,4470798,474626,,2,,,
2025-12-06T17:16:01.466645,-24.0,-82.0,12.3,,4470798,474626,,2,,,
2025-12-06T17:16:04.683870,-22.0,-80.0,12.3,,4470884,474626,,2,,,
2025-12-06T17:16:08.280173,-22.0,-82.0,12.3,,4471056,474626,,2,,,
2025-12-06T17:16:11.282797,-22.0,-82.0,12.3,,4471056,474626,,2,,,
2025-12-06T17:16:14.282716,-22.0,-84.0,12.3,,4471056,474626,,2,,,
2025-12-06T17:16:17.284908,-22.0,-80.0,12.3,,4471056,474626,,2,,,
2025-12-06T17:16:21.066902,-22.0,-82.0,12.3,,4471056,474626,,2,,,
2025-12-06T17:16:24.179313,-22.0,-82.0,12.3,,4471056,474626,,2,,,
2025-12-06T17:16:27.231417,-22.0,-84.0,12.3,,4471056,474626,,2,,,
2025-12-06T17:16:30.832970,-22.0,-80.0,12.3,,4471056,474626,,2,,,
2025-12-06T17:16:34.619993,-22.0,-82.0,12.3,,4471056,474626,,2,,,
2025-12-06T17:16:37.647224,-22.0,-82.0,12.3,,4471056,474626,,2,,,
2025-12-06T17:16:40.740463,-22.0,-84.0,12.3,,4471056,474626,,2,,,
2025-12-06T17:16:43.805209,-22.0,-80.0,12.3,,4471056,474626,,2,,,
2025-12-06T17:16:47.402230,-24.0,-84.0,12.3,,4471228,474626,,2,,,
2025-12-06T17:16:50.524080,-22.0,-82.0,12.3,,4471314,474626,,2,,,
2025-12-06T17:16:53.523456,-24.0,-84.0,13.9,,4471486,474626,,2,,,
2025-12-06T17:16:56.607193,-24.0,-82.0,13.9,,4471572,474626,,2,,,
2025-12-06T17:17:00.230978,-24.0,-82.0,13.9,,4471572,474626,,2,,,
2025-12-06T17:17:03.302876,-24.0,-82.0,13.9,,4471572,474626,,2,,,
2025-12-06T17:17:06.399296,-24.0,-84.0,13.9,,4471572,474626,,2,,,
2025-12-06T17:17:09.362236,-22.0,-80.0,13.9,,4471830,474626,,2,,,
2025-12-06T17:17:12.960581,-21.0,-80.0,13.9,,4471830,474626,,2,,,
2025-12-06T17:17:15.992612,-23.0,-82.0,13.9,,4472002,474626,,2,,,
2025-12-06T17:17:19.051247,-23.0,-82.0,13.9,,4472088,474626,,2,,,
2025-12-06T17:17:22.086710,-23.0,-80.0,13.9,,4472088,474626,,2,,,
2025-12-06T17:17:25.747118,-23.0,-80.0,13.9,,4472088,474626,,2,,,
2025-12-06T17:17:28.804415,-23.0,-82.0,13.9,,4472088,474626,,2,,,
2025-12-06T17:17:31.887035,-23.0,-82.0,13.9,,4472088,474626,,2,,,
2025-12-06T17:17:34.941633,-23.0,-82.0,13.9,,4472088,474626,,2,,,
2025-12-06T17:17:38.503786,-24.0,-82.0,13.9,,4472260,474626,,2,,,
2025-12-06T17:17:41.522235,-24.0,-82.0,13.9,,4472346,474626,,2,,,
2025-12-06T17:17:44.547389,-24.0,-84.0,13.9,,4472346,474626,,2,,,
2025-12-06T17:17:47.643097,-24.0,-82.0,13.9,,4472346,474626,,2,,,
2025-12-06T17:17:51.295846,-25.0,-82.0,13.9,,4472346,474716,,2,,,
2025-12-06T17:17:54.406246,-24.0,-84.0,13.9,,4472432,474716,,2,,,
2025-12-06T17:17:57.433171,-22.0,-84.0,13.9,,4472948,474758,,2,,,
2025-12-06T17:18:00.486108,-24.0,-80.0,13.9,,4472948,474758,,2,,,
2025-12-06T17:18:04.260499,-24.0,-82.0,13.9,,4472948,474758,,2,,,
2025-12-06T17:18:07.520018,-24.0,-82.0,13.9,,4472948,474758,,2,,,
2025-12-06T17:18:10.534548,-23.0,-82.0,13.9,,4473262,474922,,2,,,
2025-12-06T17:18:13.560723,-22.0,-80.0,13.9,,4473348,474964,,2,,,
2025-12-06T17:18:17.273562,-22.0,-82.0,13.9,,4473520,474964,,2,,,
2025-12-06T17:18:20.401652,-23.0,-82.0,12.3,,4473606,474964,,2,,,
2025-12-06T17:18:23.428738,-22.0,-82.0,12.3,,4473606,475054,,2,,,
2025-12-06T17:18:26.402540,-22.0,-82.0,12.3,,4473606,475054,,2,,,
2025-12-06T17:18:30.045091,-22.0,-82.0,12.3,,4473606,475054,,2,,,
2025-12-06T17:18:33.121830,-22.0,-80.0,12.3,,4473606,475054,,2,,,
2025-12-06T17:18:36.244684,-22.0,-76.0,12.3,,4473606,475054,,2,,,
2025-12-06T17:18:39.242942,-25.0,-82.0,12.3,,4473866,475218,,2,,,
2025-12-06T17:18:42.765588,-23.0,-80.0,12.3,,4473866,475218,,2,,,
2025-12-06T17:18:45.807335,-24.0,-84.0,12.3,,4473952,475260,,2,,,
2025-12-06T17:18:48.869672,-24.0,-82.0,12.3,,4473952,475260,,2,,,
2025-12-06T17:18:51.933325,-24.0,-82.0,12.3,,4473952,475260,,2,,,
2025-12-06T17:18:55.325922,-24.0,-82.0,12.3,,4473952,475260,,2,,,
2025-12-06T17:18:58.354924,-23.0,-82.0,12.3,,4474210,475260,,2,,,
2025-12-06T17:19:01.409481,-23.0,-82.0,12.3,,4474468,475260,,2,,,
2025-12-06T17:19:04.487105,-23.0,-82.0,12.3,,4474468,475260,,2,,,
2025-12-06T17:19:07.865811,-23.0,-80.0,12.3,,4474468,475260,,2,,,
2025-12-06T17:19:11.052983,-24.0,-80.0,12.3,,4474468,475274,,2,,,
2025-12-06T17:19:14.225040,-24.0,-82.0,12.3,,4474468,475274,,2,,,
2025-12-06T17:19:17.285640,-24.0,-82.0,12.3,,4474468,475274,,2,,,
2025-12-06T17:19:20.701901,-22.0,-80.0,12.3,,4474640,475274,,2,,,
2025-12-06T17:19:23.779761,-22.0,-82.0,9.2,,4474726,475274,,2,,,
2025-12-06T17:19:26.850010,-23.0,-82.0,12.3,,4474812,475274,,2,,,
2025-12-06T17:19:29.891154,-22.0,-82.0,12.3,,4474984,475274,,2,,,
2025-12-06T17:19:33.171101,-22.0,-82.0,12.3,,4474984,475274,,2,,,
2025-12-06T17:19:36.224950,-22.0,-82.0,12.3,,4474984,475274,,2,,,
2025-12-06T17:19:39.226820,-22.0,-82.0,12.3,,4474984,475274,,2,,,
2025-12-06T17:19:42.226824,-22.0,-82.0,12.3,,4474984,475274,,2,,,
2025-12-06T17:19:45.363582,-22.0,-82.0,12.3,,4474984,475274,,2,,,
2025-12-06T17:19:48.379301,-22.0,-80.0,12.3,,4475070,475274,,2,,,
2025-12-06T17:19:51.419768,-24.0,-84.0,12.3,,4475242,475274,,2,,,
2025-12-06T17:19:54.423293,-24.0,-84.0,12.3,,4475242,475274,,2,,,
2025-12-06T17:19:57.450186,-24.0,-82.0,12.3,,4475242,475274,,2,,,
2025-12-06T17:20:00.725860,-24.0,-82.0,12.3,,4475242,475274,,2,,,
2025-12-06T17:20:03.806787,-23.0,-84.0,12.3,,4475500,475274,,2,,,
2025-12-06T17:20:06.989937,-24.0,-82.0,12.3,,4475672,475274,,2,,,
2025-12-06T17:20:10.040836,-23.0,-80.0,9.2,,4475758,475274,,2,,,
2025-12-06T17:20:13.443893,-23.0,-82.0,9.2,,4475758,475274,,2,,,
2025-12-06T17:20:16.409624,-23.0,-82.0,9.2,,4475758,475274,,2,,,
2025-12-06T17:20:19.517142,-23.0,-82.0,9.2,,4475758,475274,,2,,,
2025-12-06T17:20:22.587685,-23.0,-80.0,9.2,,4475758,475274,,2,,,
2025-12-06T17:20:26.094095,-23.0,-82.0,9.2,,4475758,475274,,2,,,
2025-12-06T17:20:29.071189,-22.0,-82.0,12.3,,4476016,475274,,2,,,
2025-12-06T17:20:32.178009,-22.0,-84.0,12.3,,4476016,475274,,2,,,
2025-12-06T17:20:35.227019,-22.0,-80.0,12.3,,4476016,475274,,2,,,
2025-12-06T17:20:38.811898,-22.0,-82.0,12.3,,4476016,475274,,2,,,
2025-12-06T17:20:41.796758,-22.0,-84.0,12.3,,4476016,475274,,2,,,
2025-12-06T17:20:44.788508,-22.0,-80.0,12.3,,4476016,475274,,2,,,
2025-12-06T17:20:47.885495,-22.0,-82.0,12.3,,4476016,475274,,2,,,
2025-12-06T17:20:51.422480,-22.0,-82.0,12.3,,4476016,475274,,2,,,
2025-12-06T17:20:54.448858,-22.0,-80.0,12.3,,4476016,475274,,2,,,
2025-12-06T17:20:57.450404,-22.0,-84.0,12.3,,4476016,475274,,2,,,
2025-12-06T17:21:00.482963,-22.0,-82.0,12.3,,4476016,475274,,2,,,
2025-12-06T17:21:04.197917,-22.0,-82.0,12.3,,4476016,475274,,2,,,
2025-12-06T17:21:07.348548,-24.0,-82.0,13.9,,4476274,475274,,2,,,
2025-12-06T17:21:10.369290,-24.0,-80.0,13.9,,4476446,475274,,2,,,
2025-12-06T17:21:13.468528,-22.0,-82.0,13.9,,4476532,475274,,2,,,
2025-12-06T17:21:17.095181,-22.0,-78.0,13.9,,4476532,475274,,2,,,
2025-12-06T17:21:20.200178,-22.0,-80.0,13.9,,4476532,475274,,2,,,
2025-12-06T17:21:23.268147,-22.0,-82.0,13.9,,4476532,475274,,2,,,
2025-12-06T17:21:26.334076,-22.0,-80.0,13.9,,4476532,475274,,2,,,
2025-12-06T17:21:29.872218,-22.0,-82.0,13.9,,4476532,475274,,2,,,
2025-12-06T17:21:32.913244,-23.0,-82.0,13.9,,4476790,475274,,2,,,
2025-12-06T17:21:35.920660,-23.0,-84.0,13.9,,4476790,475274,,2,,,
2025-12-06T17:21:38.913044,-24.0,-84.0,13.9,,4477048,475274,,2,,,
2025-12-06T17:21:42.707011,-22.0,-82.0,13.9,,4477048,475274,,2,,,
2025-12-06T17:21:45.765097,-22.0,-84.0,13.9,,4477048,475274,,2,,,
2025-12-06T17:21:48.809377,-22.0,-82.0,13.9,,4477048,475274,,2,,,
2025-12-06T17:21:51.867011,-22.0,-82.0,13.9,,4477048,475274,,2,,,
2025-12-06T17:21:55.511318,-22.0,-82.0,13.9,,4477048,475274,,2,,,
2025-12-06T17:21:58.571219,-22.0,-82.0,13.9,,4477048,475274,,2,,,
2025-12-06T17:22:01.551344,-23.0,-82.0,13.9,,4477306,475274,,2,,,
2025-12-06T17:22:04.633881,-23.0,-80.0,13.9,,4477306,475274,,2,,,
2025-12-06T17:22:08.229354,-23.0,-82.0,13.9,,4477392,475274,,2,,,
2025-12-06T17:22:11.283477,-23.0,-84.0,15.4,,4477564,475274,,2,,,
2025-12-06T17:22:14.284477,-23.0,-84.0,15.4,,4477564,475274,,2,,,
2025-12-06T17:22:17.371570,-23.0,-82.0,15.4,,4477736,475274,,2,,,
2025-12-06T17:22:20.824797,-24.0,-82.0,15.4,,4477822,475274,,2,,,
2025-12-06T17:22:23.884333,-24.0,-80.0,15.4,,4477822,475274,,2,,,
2025-12-06T17:22:26.886271,-24.0,-82.0,15.4,,4477822,475274,,2,,,
2025-12-06T17:22:29.929502,-24.0,-82.0,15.4,,4477822,475274,,2,,,
2025-12-06T17:22:33.070940,-24.0,-80.0,15.4,,4477822,475274,,2,,,
2025-12-06T17:22:36.210002,-24.0,-82.0,15.4,,4477822,475274,,2,,,
2025-12-06T17:22:39.245152,-23.0,-82.0,15.4,,4477908,475274,,2,,,
2025-12-06T17:22:42.274785,-22.0,-84.0,13.9,,4478080,475274,,2,,,
2025-12-06T17:22:45.379436,-22.0,-82.0,13.9,,4478080,475274,,2,,,
2025-12-06T17:22:48.668762,-22.0,-82.0,13.9,,4478080,475274,,2,,,
2025-12-06T17:22:51.656773,-22.0,-82.0,13.9,,4478080,475274,,2,,,
2025-12-06T17:22:54.689726,-22.0,-82.0,13.9,,4478080,475274,,2,,,
2025-12-06T17:22:57.704896,-22.0,-80.0,13.9,,4478080,475274,,2,,,
2025-12-06T17:23:01.076247,-22.0,-82.0,13.9,,4478080,475364,,2,,,
2025-12-06T17:23:04.131444,-24.0,-84.0,13.9,,4478166,475406,,2,,,
2025-12-06T17:23:07.217981,-24.0,-84.0,13.9,,4478166,475406,,2,,,
2025-12-06T17:23:10.265246,-24.0,-82.0,13.9,,4478166,475406,,2,,,
2025-12-06T17:23:13.775698,-24.0,-82.0,13.9,,4478424,475406,,2,,,
2025-12-06T17:23:16.803538,-22.0,-88.0,13.9,,4478548,475488,,2,,,
2025-12-06T17:23:19.923863,-22.0,-82.0,13.9,,4478548,475488,,2,,,
2025-12-06T17:23:22.931027,-24.0,-80.0,13.9,,4478806,475530,,2,,,
2025-12-06T17:23:26.518203,-24.0,-82.0,13.9,,4478806,475530,,2,,,
2025-12-06T17:23:29.528672,-24.0,-82.0,13.9,,4478806,475530,,2,,,
2025-12-06T17:23:32.586028,-24.0,-82.0,13.9,,4478806,475530,,2,,,
2025-12-06T17:23:35.614360,-24.0,-80.0,13.9,,4478806,475530,,2,,,
2025-12-06T17:23:39.226267,-24.0,-80.0,13.9,,4478806,475530,,2,,,
2025-12-06T17:23:42.263127,-24.0,-78.0,13.9,,4478892,475530,,2,,,
2025-12-06T17:23:45.324222,-23.0,-84.0,13.9,,4479064,475530,,2,,,
2025-12-06T17:23:48.368121,-23.0,-82.0,13.9,,4479150,475530,,2,,,
2025-12-06T17:23:52.020098,-23.0,-84.0,13.9,,4479322,475530,,2,,,
2025-12-06T17:23:55.052601,-23.0,-84.0,13.9,,4479322,475530,,2,,,
2025-12-06T17:23:58.097592,-23.0,-82.0,13.9,,4479322,475530,,2,,,
2025-12-06T17:24:01.175568,-23.0,-82.0,13.9,,4479322,475530,,2,,,
2025-12-06T17:24:04.864786,-23.0,-80.0,13.9,,4479322,475530,,2,,,
2025-12-06T17:24:07.894067,-23.0,-82.0,13.9,,4479322,475530,,2,,,
2025-12-06T17:24:10.927029,-42.0,-82.0,13.9,,4479408,475544,,2,,,
2025-12-06T17:24:13.953910,-21.0,-82.0,13.9,,4479666,475544,,2,,,
2025-12-06T17:24:17.527047,-22.0,-84.0,13.9,,4479838,475544,,2,,,
2025-12-06T17:24:20.764975,-22.0,-82.0,13.9,,4479838,475544,,2,,,
2025-12-06T17:24:23.814416,-22.0,-84.0,13.9,,4479838,475544,,2,,,
2025-12-06T17:24:26.874149,-22.0,-82.0,13.9,,4479838,475544,,2,,,
2025-12-06T17:24:30.418572,-22.0,-84.0,12.3,,4480096,475544,,2,,,
2025-12-06T17:24:33.428697,-22.0,-82.0,12.3,,4480096,475544,,2,,,
2025-12-06T17:24:36.485275,-22.0,-80.0,12.3,,4480096,475544,,2,,,
2025-12-06T17:24:39.487960,-22.0,-82.0,12.3,,4480096,475544,,2,,,
2025-12-06T17:24:43.205308,-22.0,-82.0,12.3,,4480096,475544,,2,,,
2025-12-06T17:24:46.258991,-22.0,-82.0,12.3,,4480096,475544,,2,,,
2025-12-06T17:24:49.341756,-22.0,-82.0,12.3,,4480096,475544,,2,,,
2025-12-06T17:24:52.374685,-23.0,-80.0,12.3,,4480354,475544,,2,,,
2025-12-06T17:24:56.093302,-23.0,-84.0,12.3,,4480354,475544,,2,,,
2025-12-06T17:24:59.162937,-23.0,-82.0,12.3,,4480354,475544,,2,,,
2025-12-06T17:25:02.206744,-23.0,-82.0,12.3,,4480354,475544,,2,,,
2025-12-06T17:25:05.253967,-23.0,-82.0,12.3,,4480354,475544,,2,,,
2025-12-06T17:25:08.948274,-23.0,-82.0,12.3,,4480354,475544,,2,,,
2025-12-06T17:25:11.931993,-23.0,-80.0,12.3,,4480354,475544,,2,,,
2025-12-06T17:25:15.032470,-23.0,-82.0,12.3,,4480354,475544,,2,,,
2025-12-06T17:25:17.942610,-24.0,-82.0,12.3,,4480440,475544,,2,,,
2025-12-06T17:25:21.240597,-22.0,-80.0,12.3,,4480612,475544,,2,,,
2025-12-06T17:25:24.274484,-22.0,-84.0,12.3,,4480612,475544,,2,,,
2025-12-06T17:25:27.234726,-22.0,-78.0,12.3,,4480612,475544,,2,,,
2025-12-06T17:25:30.274998,-22.0,-82.0,12.3,,4480612,475544,,2,,,
2025-12-06T17:25:33.425966,-22.0,-80.0,13.9,,4480870,475544,,2,,,
2025-12-06T17:25:36.673014,-22.0,-80.0,13.9,,4480870,475544,,2,,,
2025-12-06T17:25:39.692997,-22.0,-80.0,13.9,,4480870,475544,,2,,,
2025-12-06T17:25:42.703424,-22.0,-82.0,13.9,,4480870,475544,,2,,,
2025-12-06T17:25:45.797010,-22.0,-80.0,13.9,,4480870,475544,,2,,,
2025-12-06T17:25:49.083180,-22.0,-82.0,13.9,,4480870,475544,,2,,,
2025-12-06T17:25:52.141539,-22.0,-82.0,13.9,,4480870,475544,,2,,,
2025-12-06T17:25:55.268466,-23.0,-86.0,13.9,,4481128,475544,,2,,,
2025-12-06T17:25:58.332471,-23.0,-80.0,13.9,,4481128,475544,,2,,,
2025-12-06T17:26:01.703840,-24.0,-82.0,13.9,,4481300,475544,,2,,,
2025-12-06T17:26:04.696107,-24.0,-82.0,13.9,,4481386,475544,,2,,,
2025-12-06T17:26:07.808851,-24.0,-84.0,13.9,,4481386,475544,,2,,,
2025-12-06T17:26:10.838816,-24.0,-82.0,13.9,,4481386,475544,,2,,,
2025-12-06T17:26:14.226292,-24.0,-82.0,13.9,,4481386,475544,,2,,,
2025-12-06T17:26:17.315179,-24.0,-82.0,13.9,,4481386,475544,,2,,,
2025-12-06T17:26:20.345966,-24.0,-80.0,13.9,,4481472,475544,,2,,,
2025-12-06T17:26:23.588973,-24.0,-82.0,13.9,,4481902,475544,,2,,,
2025-12-06T17:26:27.012896,-24.0,-82.0,13.9,,4481902,475544,,2,,,
2025-12-06T17:26:30.032553,-24.0,-82.0,13.9,,4481902,475544,,2,,,
2025-12-06T17:26:33.097877,-24.0,-82.0,13.9,,4481902,475544,,2,,,
2025-12-06T17:26:36.305704,-24.0,-80.0,13.9,,4481902,475544,,2,,,
2025-12-06T17:26:39.786601,-23.0,-82.0,13.9,,4481988,475544,,2,,,
2025-12-06T17:26:42.764405,-24.0,-82.0,13.9,,4482160,475544,,2,,,
2025-12-06T17:26:45.799090,-24.0,-84.0,13.9,,4482160,475544,,2,,,
2025-12-06T17:26:48.909793,-24.0,-80.0,13.9,,4482160,475544,,2,,,
2025-12-06T17:26:52.506186,-24.0,-84.0,13.9,,4482160,475544,,2,,,
2025-12-06T17:26:55.537747,-24.0,-84.0,13.9,,4482160,475544,,2,,,
2025-12-06T17:26:58.578338,-24.0,-82.0,13.9,,4482160,475544,,2,,,
2025-12-06T17:27:01.593993,-22.0,-82.0,13.9,,4482332,475544,,2,,,
2025-12-06T17:27:05.165778,-24.0,-82.0,13.9,,4482418,475544,,2,,,
2025-12-06T17:27:08.169323,-22.0,-82.0,13.9,,4482418,475634,,2,,,
2025-12-06T17:27:11.195242,-23.0,-82.0,13.9,,4482504,475676,,2,,,
2025-12-06T17:27:14.230912,-23.0,-82.0,13.9,,4482504,475676,,2,,,
2025-12-06T17:27:17.753344,-23.0,-80.0,13.9,,4482504,475676,,2,,,
2025-12-06T17:27:20.796676,-23.0,-82.0,13.9,,4482504,475676,,2,,,
2025-12-06T17:27:23.828184,-23.0,-84.0,13.9,,4482714,475758,,2,,,
2025-12-06T17:27:26.775890,-24.0,-80.0,15.4,,4482886,475758,,2,,,
2025-12-06T17:27:30.427290,-22.0,-80.0,15.4,,4482972,475800,,2,,,
2025-12-06T17:27:33.472965,-24.0,-82.0,15.4,,4482972,475890,,2,,,
2025-12-06T17:27:36.563386,-24.0,-82.0,15.4,,4482972,475890,,2,,,
2025-12-06T17:27:39.687398,-24.0,-82.0,15.4,,4482972,475890,,2,,,
2025-12-06T17:27:43.271179,-23.0,-82.0,15.4,,4483058,475890,,2,,,
2025-12-06T17:27:46.268378,-21.0,-82.0,15.4,,4483230,475890,,2,,,
2025-12-06T17:27:49.320368,-21.0,-82.0,15.4,,4483230,475890,,2,,,
2025-12-06T17:27:52.327174,-22.0,-82.0,15.4,,4483490,476054,,2,,,
2025-12-06T17:27:56.048158,-22.0,-82.0,15.4,,4483576,476096,,2,,,
2025-12-06T17:27:59.121147,-22.0,-82.0,15.4,,4483576,476096,,2,,,
2025-12-06T17:28:02.075120,-22.0,-82.0,15.4,,4483576,476096,,2,,,
2025-12-06T17:28:05.229262,-24.0,-84.0,15.4,,4483748,476096,,2,,,
2025-12-06T17:28:08.651687,-23.0,-80.0,15.4,,4483834,476096,,2,,,
2025-12-06T17:28:11.735218,-23.0,-82.0,15.4,,4483920,476096,,2,,,
2025-12-06T17:28:14.762548,-22.0,-84.0,13.9,,4484092,476096,,2,,,
2025-12-06T17:28:17.790740,-22.0,-82.0,13.9,,4484092,476096,,2,,,
2025-12-06T17:28:21.190212,-22.0,-82.0,13.9,,4484092,476096,,2,,,
2025-12-06T17:28:24.427467,-22.0,-82.0,13.9,,4484092,476096,,2,,,
2025-12-06T17:28:27.549132,-22.0,-82.0,13.9,,4484178,476096,,2,,,
2025-12-06T17:28:30.636024,-22.0,-82.0,12.3,,4484350,476096,,2,,,
2025-12-06T17:28:34.139452,-24.0,-82.0,12.3,,4484522,476096,,2,,,
2025-12-06T17:28:37.233094,-24.0,-82.0,12.3,,4484608,476096,,2,,,
2025-12-06T17:28:40.266650,-24.0,-82.0,12.3,,4484608,476096,,2,,,
2025-12-06T17:28:43.270683,-24.0,-82.0,12.3,,4484608,476096,,2,,,
2025-12-06T17:28:46.631354,-24.0,-80.0,12.3,,4484608,476096,,2,,,
2025-12-06T17:28:49.761885,-24.0,-84.0,12.3,,4484608,476096,,2,,,
2025-12-06T17:28:52.773747,-39.0,-82.0,12.3,,4484866,476096,,2,,,
2025-12-06T17:28:55.927328,-24.0,-82.0,12.3,,4484866,476096,,2,,,
2025-12-06T17:28:59.228638,-24.0,-82.0,12.3,,4484866,476096,,2,,,
2025-12-06T17:29:02.267462,-24.0,-82.0,12.3,,4484866,476096,,2,,,
2025-12-06T17:29:05.302067,-24.0,-84.0,12.3,,4484866,476096,,2,,,
2025-12-06T17:29:08.352619,-24.0,-84.0,12.3,,4484866,476096,,2,,,
2025-12-06T17:29:11.473945,-24.0,-80.0,12.3,,4484866,476110,,2,,,
2025-12-06T17:29:14.554337,-23.0,-82.0,12.3,,4485124,476110,,2,,,
2025-12-06T17:29:17.554071,-23.0,-82.0,12.3,,4485124,476110,,2,,,
2025-12-06T17:29:20.570874,-23.0,-82.0,12.3,,4485124,476110,,2,,,
2025-12-06T17:29:23.531617,-23.0,-80.0,12.3,,4485124,476110,,2,,,
2025-12-06T17:29:26.857383,-23.0,-84.0,12.3,,4485124,476110,,2,,,
2025-12-06T17:29:29.867776,-23.0,-84.0,12.3,,4485210,476110,,2,,,
2025-12-06T17:29:32.909942,-24.0,-82.0,12.3,,4485382,476110,,2,,,
2025-12-06T17:29:35.976274,-24.0,-80.0,12.3,,4485382,476110,,2,,,
2025-12-06T17:29:39.574454,-24.0,-82.0,12.3,,4485382,476110,,2,,,
2025-12-06T17:29:42.591559,-24.0,-82.0,12.3,,4485382,476110,,2,,,
2025-12-06T17:29:45.666416,-24.0,-82.0,12.3,,4485382,476110,,2,,,
2025-12-06T17:29:48.684869,-24.0,-82.0,12.3,,4485382,476110,,2,,,
2025-12-06T17:29:52.278588,-24.0,-80.0,12.3,,4485382,476110,,2,,,
2025-12-06T17:29:55.387703,-24.0,-82.0,12.3,,4485554,476110,,2,,,
2025-12-06T17:29:58.476247,-24.0,-82.0,12.3,,4485640,476110,,2,,,
2025-12-06T17:30:01.596360,-24.0,-82.0,12.3,,4485640,476110,,2,,,
2025-12-06T17:30:05.227618,-24.0,-80.0,12.3,,4485640,476110,,2,,,
2025-12-06T17:30:08.217106,-24.0,-80.0,12.3,,4485640,476110,,2,,,
2025-12-06T17:30:11.257789,-24.0,-84.0,12.3,,4485640,476110,,2,,,
2025-12-06T17:30:14.288490,-24.0,-82.0,12.3,,4485640,476110,,2,,,
2025-12-06T17:30:17.857219,-23.0,-82.0,12.3,,4485898,476110,,2,,,
2025-12-06T17:30:20.892055,-23.0,-82.0,12.3,,4485898,476110,,2,,,
2025-12-06T17:30:24.018848,-23.0,-80.0,12.3,,4486070,476110,,2,,,
2025-12-06T17:30:27.010583,-24.0,-84.0,12.3,,4486156,476110,,2,,,
2025-12-06T17:30:30.673712,-24.0,-80.0,12.3,,4486156,476110,,2,,,
2025-12-06T17:30:33.864136,-24.0,-82.0,12.3,,4486328,476110,,2,,,
2025-12-06T17:30:36.999743,-22.0,-82.0,12.3,,4486414,476110,,2,,,
2025-12-06T17:30:39.996723,-22.0,-80.0,12.3,,4486414,476110,,2,,,
2025-12-06T17:30:43.692199,-22.0,-82.0,12.3,,4486414,476110,,2,,,
2025-12-06T17:30:46.750089,-23.0,-82.0,12.3,,4486672,476110,,2,,,
2025-12-06T17:30:49.892453,-22.0,-82.0,12.3,,4486672,476110,,2,,,
2025-12-06T17:30:52.947806,-22.0,-82.0,12.3,,4486672,476110,,2,,,
2025-12-06T17:30:56.590806,-22.0,-84.0,12.3,,4486672,476110,,2,,,
2025-12-06T17:30:59.615643,-22.0,-84.0,12.3,,4486672,476110,,2,,,
2025-12-06T17:31:02.666947,-23.0,-82.0,12.3,,4486758,476110,,2,,,
2025-12-06T17:31:05.726462,-22.0,-80.0,12.3,,4486930,476110,,2,,,
2025-12-06T17:31:09.317795,-22.0,-84.0,12.3,,4486930,476110,,2,,,
2025-12-06T17:31:12.387244,-22.0,-82.0,12.3,,4486930,476110,,2,,,
2025-12-06T17:31:15.487255,-22.0,-82.0,12.3,,4486930,476110,,2,,,
2025-12-06T17:31:18.577626,-22.0,-80.0,12.3,,4486930,476110,,2,,,
2025-12-06T17:31:22.272368,-22.0,-82.0,12.3,,4486930,476110,,2,,,
2025-12-06T17:31:25.386197,-21.0,-82.0,12.3,,4487188,476110,,2,,,
2025-12-06T17:31:28.485193,-22.0,-82.0,12.3,,4487188,476110,,2,,,
2025-12-06T17:31:31.472592,-22.0,-82.0,12.3,,4487188,476110,,2,,,
2025-12-06T17:31:35.054175,-22.0,-80.0,12.3,,4487188,476110,,2,,,
2025-12-06T17:31:38.075810,-24.0,-84.0,12.3,,4487446,476110,,2,,,
2025-12-06T17:31:41.198232,-22.0,-82.0,9.2,,4487446,476110,,2,,,
2025-12-06T17:31:44.223654,-22.0,-82.0,9.2,,4487446,476110,,2,,,
2025-12-06T17:31:47.829899,-22.0,-82.0,9.2,,4487446,476110,,2,,,
2025-12-06T17:31:50.918327,-23.0,-82.0,9.2,,4487446,476200,,2,,,
2025-12-06T17:31:53.946743,-23.0,-82.0,9.2,,4487446,476200,,2,,,
2025-12-06T17:31:56.934922,-22.0,-84.0,11.1,,4487532,476242,,2,,,
2025-12-06T17:32:00.590619,-22.0,-82.0,11.1,,4487532,476242,,2,,,
2025-12-06T17:32:03.577795,-22.0,-82.0,11.1,,4487532,476242,,2,,,
2025-12-06T17:32:06.695416,-22.0,-82.0,11.1,,4488018,476406,,2,,,
2025-12-06T17:32:09.693692,-22.0,-82.0,11.1,,4488104,476406,,2,,,
2025-12-06T17:32:13.391611,-24.0,-82.0,11.1,,4488190,476448,,2,,,
2025-12-06T17:32:16.450813,-24.0,-82.0,11.1,,4488190,476448,,2,,,
2025-12-06T17:32:19.584534,-24.0,-82.0,11.1,,4488190,476448,,2,,,
2025-12-06T17:32:22.630891,-24.0,-80.0,11.1,,4488190,476448,,2,,,
2025-12-06T17:32:26.332040,-24.0,-80.0,11.1,,4488190,476448,,2,,,
2025-12-06T17:32:29.286160,-24.0,-82.0,13.9,,4488448,476448,,2,,,
2025-12-06T17:32:32.288828,-24.0,-80.0,13.9,,4488448,476448,,2,,,
2025-12-06T17:32:35.378984,-24.0,-84.0,13.9,,4488620,476448,,2,,,
2025-12-06T17:32:38.892871,-22.0,-82.0,13.9,,4488706,476448,,2,,,
2025-12-06T17:32:41.968221,-23.0,-82.0,13.9,,4488964,476448,,2,,,
2025-12-06T17:32:44.966325,-23.0,-80.0,13.9,,4488964,476448,,2,,,
2025-12-06T17:32:48.069399,-23.0,-84.0,13.9,,4488964,476448,,2,,,
2025-12-06T17:32:51.479916,-23.0,-80.0,13.9,,4488964,476448,,2,,,
2025-12-06T17:32:54.518004,-23.0,-82.0,13.9,,4488964,476448,,2,,,
2025-12-06T17:32:57.490057,-22.0,-82.0,13.9,,4489136,476448,,2,,,
2025-12-06T17:33:00.513013,-24.0,-84.0,13.9,,4489222,476448,,2,,,
2025-12-06T17:33:03.730705,-24.0,-82.0,13.9,,4489222,476448,,2,,,
2025-12-06T17:33:06.911299,-24.0,-82.0,13.9,,4489222,476448,,2,,,
2025-12-06T17:33:09.916485,-24.0,-82.0,13.9,,4489222,476448,,2,,,
2025-12-06T17:33:12.990573,-24.0,-84.0,13.9,,4489308,476448,,2,,,
2025-12-06T17:33:16.092707,-24.0,-82.0,13.9,,4489480,476448,,2,,,
2025-12-06T17:33:19.154122,-24.0,-84.0,13.9,,4489480,476448,,2,,,
2025-12-06T17:33:22.227723,-24.0,-84.0,13.9,,4489480,476448,,2,,,
2025-12-06T17:33:25.197240,-24.0,-82.0,13.9,,4489480,476448,,2,,,
2025-12-06T17:33:28.237469,-24.0,-80.0,13.9,,4489480,476448,,2,,,
2025-12-06T17:33:31.595151,-24.0,-82.0,13.9,,4489480,476448,,2,,,
2025-12-06T17:33:34.710343,-24.0,-82.0,13.9,,4489566,476448,,2,,,
2025-12-06T17:33:37.700659,-22.0,-82.0,13.9,,4489738,476448,,2,,,
2025-12-06T17:33:40.935530,-22.0,-80.0,13.9,,4489738,476448,,2,,,
2025-12-06T17:33:44.290459,-22.0,-82.0,13.9,,4489910,476448,,2,,,
2025-12-06T17:33:47.309060,-23.0,-82.0,13.9,,4489996,476448,,2,,,
2025-12-06T17:33:50.352240,-23.0,-82.0,13.9,,4489996,476448,,2,,,
2025-12-06T17:33:53.394759,-23.0,-80.0,13.9,,4489996,476448,,2,,,
2025-12-06T17:33:56.833601,-23.0,-82.0,13.9,,4489996,476448,,2,,,
2025-12-06T17:33:59.959955,-23.0,-82.0,13.9,,4489996,476448,,2,,,
2025-12-06T17:34:02.964702,-23.0,-80.0,13.9,,4489996,476448,,2,,,
2025-12-06T17:34:06.070825,-23.0,-82.0,13.9,,4489996,476448,,2,,,
2025-12-06T17:34:09.530027,-22.0,-82.0,13.9,,4489996,476462,,2,,,
2025-12-06T17:34:12.516406,-22.0,-82.0,13.9,,4489996,476462,,2,,,
2025-12-06T17:34:15.494329,-22.0,-82.0,13.9,,4489996,476462,,2,,,
2025-12-06T17:34:18.576516,-23.0,-84.0,13.9,,4490254,476462,,2,,,
2025-12-06T17:34:22.179847,-23.0,-82.0,13.9,,4490254,476462,,2,,,
2025-12-06T17:34:25.458838,-23.0,-82.0,13.9,,4490254,476462,,2,,,
2025-12-06T17:34:28.513902,-23.0,-82.0,13.9,,4490254,476462,,2,,,
2025-12-06T17:34:31.514343,-23.0,-82.0,13.9,,4490254,476462,,2,,,
2025-12-06T17:34:35.170709,-23.0,-82.0,13.9,,4490254,476462,,2,,,
2025-12-06T17:34:38.138853,-42.0,-82.0,13.9,,4490340,476462,,2,,,
2025-12-06T17:34:41.154140,-22.0,-82.0,13.9,,4490512,476462,,2,,,
2025-12-06T17:34:44.239859,-22.0,-82.0,13.9,,4490512,476462,,2,,,
2025-12-06T17:34:47.812782,-24.0,-82.0,13.9,,4491028,476462,,2,,,
2025-12-06T17:34:50.795824,-22.0,-80.0,13.9,,4491028,476462,,2,,,
2025-12-06T17:34:53.797050,-22.0,-82.0,13.9,,4491028,476462,,2,,,
2025-12-06T17:34:56.887540,-22.0,-84.0,13.9,,4491028,476462,,2,,,
2025-12-06T17:35:00.489280,-22.0,-82.0,13.9,,4491028,476462,,2,,,
2025-12-06T17:35:03.504329,-22.0,-84.0,13.9,,4491028,476462,,2,,,
2025-12-06T17:35:06.541688,-22.0,-82.0,13.9,,4491028,476462,,2,,,
2025-12-06T17:35:09.516065,-24.0,-80.0,13.9,,4491286,476462,,2,,,
2025-12-06T17:35:13.151084,-24.0,-82.0,13.9,,4491286,476462,,2,,,
2025-12-06T17:35:16.183004,-24.0,-80.0,13.9,,4491286,476462,,2,,,
2025-12-06T17:35:19.210873,-24.0,-82.0,13.9,,4491286,476462,,2,,,
2025-12-06T17:35:22.299693,-24.0,-84.0,13.9,,4491286,476462,,2,,,
2025-12-06T17:35:25.932454,-24.0,-82.0,13.9,,4491458,476462,,2,,,
2025-12-06T17:35:28.958036,-23.0,-82.0,13.9,,4491544,476462,,2,,,
2025-12-06T17:35:32.018590,-23.0,-80.0,13.9,,4491544,476462,,2,,,
2025-12-06T17:35:34.990322,-23.0,-84.0,13.9,,4491544,476462,,2,,,
2025-12-06T17:35:38.456125,-23.0,-80.0,13.9,,4491544,476462,,2,,,
2025-12-06T17:35:41.530853,-23.0,-84.0,13.9,,4491544,476462,,2,,,
2025-12-06T17:35:44.560461,-23.0,-66.0,13.9,,4491544,476462,,2,,,
2025-12-06T17:35:47.558984,-22.0,-84.0,13.9,,4491716,476462,,2,,,
2025-12-06T17:35:50.852275,-24.0,-82.0,13.9,,4492060,476462,,2,,,
2025-12-06T17:35:53.890743,-23.0,-82.0,13.9,,4492060,476462,,2,,,
2025-12-06T17:35:56.921812,-23.0,-80.0,13.9,,4492060,476462,,2,,,
2025-12-06T17:35:59.951720,-23.0,-80.0,13.9,,4492060,476462,,2,,,
2025-12-06T17:36:03.130033,-24.0,-80.0,13.9,,4492060,476552,,2,,,
2025-12-06T17:36:06.191743,-24.0,-82.0,13.9,,4492060,476552,,2,,,
2025-12-06T17:36:09.218743,-22.0,-82.0,13.9,,4492146,476594,,2,,,
2025-12-06T17:36:12.262885,-22.0,-82.0,13.9,,4492146,476594,,2,,,
2025-12-06T17:36:15.318837,-22.0,-82.0,13.9,,4492146,476594,,2,,,
2025-12-06T17:36:18.504827,-22.0,-82.0,13.9,,4492146,476676,,2,,,
2025-12-06T17:36:21.522689,-23.0,-82.0,13.9,,4492270,476676,,2,,,
2025-12-06T17:36:24.577171,-22.0,-82.0,13.9,,4492356,476718,,2,,,
2025-12-06T17:36:27.610038,-22.0,-82.0,13.9,,4492442,476718,,2,,,
2025-12-06T17:36:30.963667,-21.0,-82.0,15.4,,4492614,476718,,2,,,
2025-12-06T17:36:34.033360,-21.0,-80.0,15.4,,4492614,476718,,2,,,
2025-12-06T17:36:37.934997,-21.0,-82.0,15.4,,4492614,476718,,2,,,
2025-12-06T17:36:41.342554,-23.0,-80.0,15.4,,4492614,476808,,2,,,
2025-12-06T17:36:44.330907,-27.0,-82.0,15.4,,4492700,476850,,2,,,
2025-12-06T17:36:47.316195,-24.0,-84.0,15.4,,4492700,476850,,2,,,
2025-12-06T17:36:50.443409,-24.0,-84.0,15.4,,4492872,476850,,2,,,
2025-12-06T17:36:53.893259,-24.0,-80.0,15.4,,4493130,476850,,2,,,
2025-12-06T17:36:56.861450,-24.0,-82.0,13.9,,4493562,477014,,2,,,
2025-12-06T17:36:59.926960,-24.0,-84.0,15.4,,4493734,477014,,2,,,
2025-12-06T17:37:02.942742,-23.0,-82.0,15.4,,4493820,477056,,2,,,
2025-12-06T17:37:06.251332,-23.0,-82.0,15.4,,4493820,477056,,2,,,
2025-12-06T17:37:09.379625,-23.0,-82.0,15.4,,4493820,477056,,2,,,
2025-12-06T17:37:12.550843,-23.0,-84.0,15.4,,4493820,477056,,2,,,
2025-12-06T17:37:15.639831,-23.0,-84.0,15.4,,4493820,477056,,2,,,
2025-12-06T17:37:18.794263,-22.0,-82.0,15.4,,4493906,477056,,2,,,
2025-12-06T17:37:21.819845,-22.0,-84.0,13.9,,4494078,477056,,2,,,
2025-12-06T17:37:24.790965,-22.0,-84.0,13.9,,4494078,477056,,2,,,
2025-12-06T17:37:27.852571,-22.0,-82.0,13.9,,4494078,477056,,2,,,
2025-12-06T17:37:30.831364,-22.0,-80.0,13.9,,4494078,477056,,2,,,
2025-12-06T17:37:34.176596,-22.0,-82.0,13.9,,4494078,477056,,2,,,
2025-12-06T17:37:37.223375,-22.0,-84.0,13.9,,4494250,477056,,2,,,
2025-12-06T17:37:40.213196,-24.0,-82.0,13.9,,4494336,477056,,2,,,
2025-12-06T17:37:43.287054,-24.0,-80.0,13.9,,4494336,477056,,2,,,
2025-12-06T17:37:46.817900,-24.0,-82.0,13.9,,4494336,477056,,2,,,
2025-12-06T17:37:49.803581,-24.0,-84.0,13.9,,4494336,477056,,2,,,
2025-12-06T17:37:52.873142,-24.0,-82.0,13.9,,4494336,477056,,2,,,
2025-12-06T17:37:55.900210,-24.0,-82.0,13.9,,4494508,477056,,2,,,
2025-12-06T17:37:59.594848,-24.0,-82.0,13.9,,4494852,477056,,2,,,
2025-12-06T17:38:02.668741,-22.0,-84.0,13.9,,4494852,477056,,2,,,
2025-12-06T17:38:05.852440,-22.0,-84.0,13.9,,4494852,477056,,2,,,
2025-12-06T17:38:08.895001,-22.0,-82.0,13.9,,4494852,477056,,2,,,
2025-12-06T17:38:12.528058,-22.0,-80.0,13.9,,4494852,477056,,2,,,
2025-12-06T17:38:15.611103,-22.0,-82.0,13.9,,4494852,477056,,2,,,
2025-12-06T17:38:18.857263,-22.0,-84.0,13.9,,4494852,477056,,2,,,
2025-12-06T17:38:21.860159,-22.0,-82.0,13.9,,4494852,477056,,2,,,
2025-12-06T17:38:25.471394,-22.0,-82.0,13.9,,4494852,477056,,2,,,
2025-12-06T17:38:28.449436,-22.0,-82.0,13.9,,4494852,477056,,2,,,
2025-12-06T17:38:31.514460,-22.0,-82.0,13.9,,4494852,477056,,2,,,
2025-12-06T17:38:34.601033,-22.0,-82.0,13.9,,4494852,477056,,2,,,
2025-12-06T17:38:38.175650,-22.0,-82.0,13.9,,4494852,477056,,2,,,
2025-12-06T17:38:41.197028,-23.0,-84.0,13.9,,4495110,477056,,2,,,
2025-12-06T17:38:44.200713,-23.0,-82.0,13.9,,4495110,477056,,2,,,
2025-12-06T17:38:47.177769,-23.0,-82.0,13.9,,4495110,477056,,2,,,
2025-12-06T17:38:50.772944,-23.0,-80.0,13.9,,4495110,477056,,2,,,
2025-12-06T17:38:53.832400,-23.0,-82.0,13.9,,4495110,477056,,2,,,
2025-12-06T17:38:56.894640,-23.0,-82.0,13.9,,4495110,477056,,2,,,
2025-12-06T17:38:59.891539,-24.0,-80.0,13.9,,4495454,477056,,2,,,
2025-12-06T17:39:03.552775,-24.0,-82.0,13.9,,4495626,477056,,2,,,
2025-12-06T17:39:06.671075,-23.0,-82.0,13.9,,4495626,477070,,2,,,
2025-12-06T17:39:09.702809,-22.0,-82.0,15.4,,4495884,477070,,2,,,
2025-12-06T17:39:12.762105,-22.0,-80.0,15.4,,4495884,477070,,2,,,
2025-12-06T17:39:16.452400,-22.0,-82.0,15.4,,4495884,477070,,2,,,
2025-12-06T17:39:19.476402,-22.0,-82.0,15.4,,4495884,477070,,2,,,
2025-12-06T17:39:22.617197,-22.0,-82.0,15.4,,4495884,477070,,2,,,
2025-12-06T17:39:25.588789,-22.0,-82.0,15.4,,4495884,477070,,2,,,
2025-12-06T17:39:29.214324,-22.0,-82.0,15.4,,4495884,477070,,2,,,
2025-12-06T17:39:32.173021,-22.0,-80.0,15.4,,4496142,477070,,2,,,
2025-12-06T17:39:35.190570,-22.0,-82.0,15.4,,4496142,477070,,2,,,
2025-12-06T17:39:38.158112,-22.0,-84.0,15.4,,4496142,477070,,2,,,
2025-12-06T17:39:41.475059,-22.0,-82.0,15.4,,4496142,477070,,2,,,
2025-12-06T17:39:44.503857,-22.0,-82.0,15.4,,4496142,477070,,2,,,
2025-12-06T17:39:47.456880,-23.0,-82.0,15.4,,4496228,477070,,2,,,
2025-12-06T17:39:50.539967,-24.0,-84.0,11.1,,4496400,477070,,2,,,
2025-12-06T17:39:53.593947,-24.0,-82.0,11.1,,4496400,477070,,2,,,
2025-12-06T17:39:56.779892,-24.0,-82.0,11.1,,4496400,477070,,2,,,
2025-12-06T17:39:59.827781,-24.0,-82.0,11.1,,4496400,477070,,2,,,
2025-12-06T17:40:02.856311,-23.0,-82.0,11.1,,4496572,477070,,2,,,
2025-12-06T17:40:05.893066,-24.0,-82.0,11.1,,4496658,477070,,2,,,
2025-12-06T17:40:09.269434,-24.0,-82.0,12.5,,4496744,477070,,2,,,
2025-12-06T17:40:12.373597,-22.0,-82.0,15.4,,4496916,477070,,2,,,
2025-12-06T17:40:15.435252,-22.0,-82.0,15.4,,4496916,477070,,2,,,
2025-12-06T17:40:18.494532,-22.0,-82.0,15.4,,4496916,477070,,2,,,
2025-12-06T17:40:21.973291,-22.0,-84.0,15.4,,4496916,477070,,2,,,
2025-12-06T17:40:24.986118,-22.0,-80.0,15.4,,4496916,477070,,2,,,
2025-12-06T17:40:28.056945,-22.0,-82.0,15.4,,4496916,477070,,2,,,
2025-12-06T17:40:31.213309,-22.0,-82.0,15.4,,4496916,477070,,2,,,
2025-12-06T17:40:34.662420,-22.0,-84.0,15.4,,4496916,477070,,2,,,
2025-12-06T17:40:37.755343,-22.0,-82.0,15.4,,4496916,477070,,2,,,
2025-12-06T17:40:40.819337,-22.0,-80.0,15.4,,4496916,477070,,2,,,
2025-12-06T17:40:43.919656,-22.0,-80.0,15.4,,4496916,477070,,2,,,
2025-12-06T17:40:47.533292,-22.0,-66.0,15.4,,4496916,477070,,2,,,
2025-12-06T17:40:50.608181,-24.0,-82.0,15.4,,4497002,477070,,2,,,
2025-12-06T17:40:53.595081,-22.0,-84.0,15.4,,4497174,477070,,2,,,
2025-12-06T17:40:56.618050,-22.0,-80.0,15.4,,4497174,477070,,2,,,
2025-12-06T17:41:00.233213,-22.0,-82.0,15.4,,4497174,477070,,2,,,
2025-12-06T17:41:03.247186,-23.0,-82.0,15.4,,4497174,477160,,2,,,
2025-12-06T17:41:06.280144,-22.0,-82.0,15.4,,4497432,477202,,2,,,
2025-12-06T17:41:09.259925,-22.0,-82.0,15.4,,4497518,477202,,2,,,
2025-12-06T17:41:12.882465,-24.0,-84.0,15.4,,4497690,477202,,2,,,
2025-12-06T17:41:15.942220,-23.0,-86.0,15.4,,4497776,477202,,2,,,
2025-12-06T17:41:18.941632,-22.0,-82.0,15.4,,4497986,477284,,2,,,
2025-12-06T17:41:22.011807,-22.0,-80.0,11.1,,4498158,477284,,2,,,
2025-12-06T17:41:25.574635,-23.0,-80.0,12.5,,4498244,477326,,2,,,
2025-12-06T17:41:28.658184,-23.0,-82.0,12.5,,4498244,477326,,2,,,
2025-12-06T17:41:31.697904,-23.0,-80.0,12.5,,4498244,477326,,2,,,
2025-12-06T17:41:34.752865,-23.0,-80.0,12.5,,4498244,477326,,2,,,
2025-12-06T17:41:38.538168,-23.0,-82.0,12.5,,4498244,477326,,2,,,
2025-12-06T17:41:41.504038,-22.0,-84.0,15.4,,4498330,477326,,2,,,
2025-12-06T17:41:44.501674,-23.0,-82.0,15.4,,4498502,477326,,2,,,
2025-12-06T17:41:47.503206,-23.0,-82.0,15.4,,4498502,477326,,2,,,
2025-12-06T17:41:51.121441,-23.0,-80.0,15.4,,4498502,477326,,2,,,
2025-12-06T17:41:54.254602,-23.0,-82.0,15.4,,4498502,477326,,2,,,
2025-12-06T17:41:57.337831,-23.0,-82.0,15.4,,4498502,477326,,2,,,
2025-12-06T17:42:00.341169,-22.0,-82.0,12.5,,4498760,477326,,2,,,
2025-12-06T17:42:03.975382,-22.0,-80.0,12.5,,4498760,477326,,2,,,
2025-12-06T17:42:07.097844,-22.0,-82.0,12.5,,4498760,477326,,2,,,
2025-12-06T17:42:10.213511,-23.0,-84.0,15.4,,4499018,477326,,2,,,
2025-12-06T17:42:13.275351,-22.0,-84.0,15.4,,4499018,477326,,2,,,
2025-12-06T17:42:16.916305,-22.0,-80.0,15.4,,4499018,477326,,2,,,
2025-12-06T17:42:19.955186,-22.0,-82.0,15.4,,4499104,477326,,2,,,
2025-12-06T17:42:22.988842,-23.0,-80.0,15.4,,4499276,477326,,2,,,
2025-12-06T17:42:26.010202,-23.0,-80.0,15.4,,4499276,477326,,2,,,
2025-12-06T17:42:29.467016,-23.0,-80.0,15.4,,4499276,477326,,2,,,
2025-12-06T17:42:32.534242,-23.0,-80.0,15.4,,4499276,477326,,2,,,
2025-12-06T17:42:35.595732,-23.0,-82.0,15.4,,4499276,477326,,2,,,
2025-12-06T17:42:38.594801,-23.0,-84.0,15.4,,4499276,477326,,2,,,
2025-12-06T17:42:41.892770,-23.0,-82.0,15.4,,4499276,477326,,2,,,
2025-12-06T17:42:44.922118,-23.0,-82.0,15.4,,4499276,477326,,2,,,
2025-12-06T17:42:47.921417,-23.0,-82.0,15.4,,4499276,477326,,2,,,
2025-12-06T17:42:50.925656,-23.0,-82.0,15.4,,4499276,477326,,2,,,
2025-12-06T17:42:53.951522,-23.0,-80.0,15.4,,4499276,477326,,2,,,
2025-12-06T17:42:57.166165,-23.0,-82.0,15.4,,4499276,477326,,2,,,
2025-12-06T17:43:00.222950,-23.0,-82.0,15.4,,4499276,477326,,2,,,
2025-12-06T17:43:03.197199,-23.0,-84.0,15.4,,4499448,477326,,2,,,
2025-12-06T17:43:06.273976,-23.0,-80.0,15.4,,4499534,477326,,2,,,
2025-12-06T17:43:09.642831,-23.0,-82.0,15.4,,4499534,477326,,2,,,
2025-12-06T17:43:12.642609,-22.0,-82.0,15.4,,4499706,477326,,2,,,
2025-12-06T17:43:15.643105,-24.0,-84.0,15.4,,4499792,477326,,2,,,
2025-12-06T17:43:18.698995,-24.0,-82.0,15.4,,4499792,477326,,2,,,
2025-12-06T17:43:22.277023,-24.0,-82.0,15.4,,4499792,477326,,2,,,
2025-12-06T17:43:25.289823,-39.0,-82.0,15.4,,4500050,477326,,2,,,
2025-12-06T17:43:28.275628,-22.0,-82.0,15.4,,4500050,477326,,2,,,
2025-12-06T17:43:31.274494,-24.0,-82.0,15.4,,4500222,477326,,2,,,
2025-12-06T17:43:34.937043,-22.0,-84.0,15.4,,4500308,477326,,2,,,
2025-12-06T17:43:37.956130,-22.0,-82.0,15.4,,4500308,477326,,2,,,
2025-12-06T17:43:41.052485,-22.0,-82.0,15.4,,4500308,477326,,2,,,
2025-12-06T17:43:44.116869,-22.0,-82.0,15.4,,4500308,477326,,2,,,
2025-12-06T17:43:47.714999,-22.0,-80.0,15.4,,4500308,477326,,2,,,
2025-12-06T17:43:50.733728,-22.0,-80.0,15.4,,4500308,477326,,2,,,
2025-12-06T17:43:53.801705,-22.0,-80.0,12.3,,4500480,477326,,2,,,
2025-12-06T17:43:56.895457,-24.0,-80.0,12.3,,4500566,477326,,2,,,
2025-12-06T17:44:00.497970,-24.0,-82.0,12.3,,4500566,477326,,2,,,
2025-12-06T17:44:03.577098,-24.0,-82.0,12.3,,4500566,477326,,2,,,
2025-12-06T17:44:06.703292,-22.0,-82.0,12.3,,4500566,477340,,2,,,
2025-12-06T17:44:09.704503,-22.0,-82.0,12.3,,4500652,477340,,2,,,
2025-12-06T17:44:13.340361,-22.0,-82.0,12.3,,4500824,477340,,2,,,
2025-12-06T17:44:16.457079,-24.0,-82.0,12.3,,4501082,477340,,2,,,
2025-12-06T17:44:19.539120,-24.0,-82.0,12.3,,4501082,477340,,2,,,
2025-12-06T17:44:22.598333,-24.0,-80.0,12.3,,4501082,477340,,2,,,
2025-12-06T17:44:26.217631,-24.0,-82.0,12.3,,4501082,477340,,2,,,
2025-12-06T17:44:29.263543,-24.0,-82.0,12.3,,4501082,477340,,2,,,
2025-12-06T17:44:32.261625,-22.0,-84.0,12.3,,4501254,477340,,2,,,
2025-12-06T17:44:35.296973,-22.0,-80.0,12.3,,4501340,477340,,2,,,
2025-12-06T17:44:39.015786,-22.0,-80.0,12.3,,4501340,477340,,2,,,
2025-12-06T17:44:42.063625,-22.0,-80.0,12.3,,4501340,477340,,2,,,
2025-12-06T17:44:45.093444,-22.0,-82.0,12.3,,4501340,477340,,2,,,
2025-12-06T17:44:48.140144,-22.0,-82.0,12.3,,4501340,477340,,2,,,
2025-12-06T17:44:51.789834,-22.0,-82.0,12.3,,4501340,477340,,2,,,
2025-12-06T17:44:54.824366,-22.0,-82.0,12.3,,4501340,477340,,2,,,
2025-12-06T17:44:57.902509,-22.0,-82.0,12.3,,4501340,477340,,2,,,
2025-12-06T17:45:00.979893,-22.0,-82.0,12.3,,4501340,477340,,2,,,
2025-12-06T17:45:04.677981,-22.0,-82.0,12.3,,4501340,477430,,2,,,
2025-12-06T17:45:07.755019,-22.0,-82.0,12.3,,4501340,477430,,2,,,
2025-12-06T17:45:10.818310,-23.0,-82.0,12.3,,4501426,477472,,2,,,
2025-12-06T17:45:13.901607,-24.0,-84.0,12.3,,4501684,477472,,2,,,
2025-12-06T17:45:17.527225,-23.0,-82.0,12.3,,4501770,477472,,2,,,
2025-12-06T17:45:20.564458,-24.0,-80.0,12.3,,4501942,477472,,2,,,
2025-12-06T17:45:23.655922,-22.0,-82.0,12.3,,4502256,477636,,2,,,
2025-12-06T17:45:26.686019,-22.0,-82.0,15.4,,4502590,477842,,2,,,
2025-12-06T17:45:30.616960,-22.0,-80.0,15.4,,4502590,477842,,2,,,
2025-12-06T17:45:33.733029,-22.0,-82.0,15.4,,4502590,477842,,2,,,
2025-12-06T17:45:36.879492,-24.0,-82.0,15.4,,4502848,477842,,2,,,
2025-12-06T17:45:39.918281,-24.0,-82.0,15.4,,4502848,477842,,2,,,
2025-12-06T17:45:43.636449,-23.0,-82.0,15.4,,4503106,477842,,2,,,
2025-12-06T17:45:46.695042,-24.0,-84.0,15.4,,4503106,477842,,2,,,
2025-12-06T17:45:49.721122,-23.0,-82.0,15.4,,4503106,477932,,2,,,
2025-12-06T17:45:52.815297,-23.0,-82.0,15.4,,4503106,477932,,2,,,
2025-12-06T17:45:56.484361,-24.0,-82.0,15.4,,4503192,477974,,2,,,
2025-12-06T17:45:59.484193,-24.0,-82.0,15.4,,4503192,477974,,2,,,
2025-12-06T17:46:02.562881,-24.0,-82.0,15.4,,4503192,477974,,2,,,
2025-12-06T17:46:05.577848,-23.0,-84.0,13.9,,4503710,478138,,2,,,
2025-12-06T17:46:09.139310,-24.0,-82.0,15.4,,4503710,478138,,2,,,
2025-12-06T17:46:12.167679,-24.0,-82.0,15.4,,4503710,478138,,2,,,
2025-12-06T17:46:15.213985,-24.0,-84.0,15.4,,4503710,478138,,2,,,
2025-12-06T17:46:18.339275,-24.0,-82.0,15.4,,4503710,478138,,2,,,
2025-12-06T17:46:21.835930,-41.0,-82.0,15.4,,4504054,478138,,2,,,
2025-12-06T17:46:24.873592,-22.0,-82.0,15.4,,4504226,478138,,2,,,
2025-12-06T17:46:28.120378,-22.0,-82.0,15.4,,4504226,478138,,2,,,
2025-12-06T17:46:31.181221,-22.0,-82.0,15.4,,4504226,478138,,2,,,
2025-12-06T17:46:34.700386,-22.0,-84.0,15.4,,4504226,478138,,2,,,
2025-12-06T17:46:37.773368,-22.0,-80.0,15.4,,4504226,478138,,2,,,
2025-12-06T17:46:40.852539,-22.0,-82.0,15.4,,4504226,478138,,2,,,
2025-12-06T17:46:43.921976,-24.0,-82.0,15.4,,4504398,478138,,2,,,
2025-12-06T17:46:47.222291,-23.0,-84.0,15.4,,4504484,478138,,2,,,
2025-12-06T17:46:50.256656,-23.0,-82.0,15.4,,4504484,478138,,2,,,
2025-12-06T17:46:53.255380,-23.0,-80.0,15.4,,4504484,478138,,2,,,
2025-12-06T17:46:56.324271,-23.0,-82.0,15.4,,4504484,478138,,2,,,
2025-12-06T17:46:59.517348,-23.0,-84.0,15.4,,4504484,478138,,2,,,
2025-12-06T17:47:02.658181,-23.0,-82.0,15.4,,4504484,478138,,2,,,
2025-12-06T17:47:05.656724,-23.0,-82.0,15.4,,4504484,478138,,2,,,
2025-12-06T17:47:08.743284,-23.0,-84.0,15.4,,4504484,478138,,2,,,
2025-12-06T17:47:11.835633,-23.0,-82.0,15.4,,4504484,478138,,2,,,
2025-12-06T17:47:15.047833,-23.0,-80.0,15.4,,4504484,478138,,2,,,
2025-12-06T17:47:18.152161,-23.0,-82.0,15.4,,4504484,478138,,2,,,
2025-12-06T17:47:21.170033,-23.0,-80.0,15.4,,4504484,478138,,2,,,
2025-12-06T17:47:24.205432,-24.0,-82.0,15.4,,4504656,478138,,2,,,
2025-12-06T17:47:27.452881,-24.0,-82.0,15.4,,4505000,478138,,2,,,
2025-12-06T17:47:30.587034,-24.0,-80.0,15.4,,4505000,478138,,2,,,
2025-12-06T17:47:34.087393,-24.0,-82.0,15.4,,4505000,478138,,2,,,
2025-12-06T17:47:37.341901,-24.0,-82.0,15.4,,4505000,478138,,2,,,
2025-12-06T17:47:40.439612,-24.0,-84.0,15.4,,4505000,478138,,2,,,
2025-12-06T17:47:43.498851,-24.0,-82.0,15.4,,4505000,478138,,2,,,
2025-12-06T17:47:46.512958,-23.0,-80.0,15.4,,4505172,478138,,2,,,
2025-12-06T17:47:49.813516,-24.0,-82.0,15.4,,4505258,478138,,2,,,
2025-12-06T17:47:52.841903,-24.0,-82.0,15.4,,4505344,478138,,2,,,
2025-12-06T17:47:55.892980,-22.0,-82.0,15.4,,4505516,478138,,2,,,
2025-12-06T17:47:58.867942,-22.0,-82.0,15.4,,4505516,478138,,2,,,
2025-12-06T17:48:02.004163,-22.0,-82.0,15.4,,4505516,478138,,2,,,
2025-12-06T17:48:05.177616,-22.0,-82.0,15.4,,4505516,478138,,2,,,
2025-12-06T17:48:08.238439,-22.0,-82.0,15.4,,4505516,478138,,2,,,
2025-12-06T17:48:11.306906,-22.0,-82.0,15.4,,4505516,478138,,2,,,
2025-12-06T17:48:14.361093,-22.0,-82.0,15.4,,4505602,478138,,2,,,
2025-12-06T17:48:17.635326,-22.0,-82.0,13.9,,4505774,478138,,2,,,
2025-12-06T17:48:20.718304,-22.0,-82.0,13.9,,4505774,478138,,2,,,
2025-12-06T17:48:23.776578,-22.0,-82.0,13.9,,4505774,478138,,2,,,
2025-12-06T17:48:26.838475,-22.0,-80.0,13.9,,4505860,478138,,2,,,
2025-12-06T17:48:30.353511,-23.0,-84.0,15.4,,4506032,478138,,2,,,
2025-12-06T17:48:33.321994,-22.0,-82.0,15.4,,4506204,478138,,2,,,
2025-12-06T17:48:36.484209,-24.0,-80.0,15.4,,4506290,478138,,2,,,
2025-12-06T17:48:39.619954,-24.0,-80.0,15.4,,4506290,478138,,2,,,
2025-12-06T17:48:43.124740,-24.0,-82.0,15.4,,4506290,478138,,2,,,
2025-12-06T17:48:46.123329,-24.0,-82.0,15.4,,4506290,478138,,2,,,
2025-12-06T17:48:49.236827,-24.0,-82.0,15.4,,4506290,478138,,2,,,
2025-12-06T17:48:52.224503,-24.0,-82.0,15.4,,4506290,478138,,2,,,
2025-12-06T17:48:55.879952,-23.0,-84.0,15.4,,4506548,478138,,2,,,
2025-12-06T17:48:58.939826,-23.0,-82.0,13.9,,4506548,478138,,2,,,
2025-12-06T17:49:02.011254,-23.0,-82.0,13.9,,4506548,478138,,2,,,
2025-12-06T17:49:05.057137,-22.0,-82.0,13.9,,4506548,478152,,2,,,
2025-12-06T17:49:08.617160,-22.0,-84.0,13.9,,4506548,478152,,2,,,
2025-12-06T17:49:11.666138,-22.0,-82.0,13.9,,4506548,478152,,2,,,
2025-12-06T17:49:14.743297,-22.0,-80.0,13.9,,4506548,478152,,2,,,
2025-12-06T17:49:17.903647,-22.0,-80.0,13.9,,4506548,478152,,2,,,
2025-12-06T17:49:21.446886,-22.0,-82.0,13.9,,4506548,478152,,2,,,
2025-12-06T17:49:24.586024,-22.0,-80.0,13.9,,4506548,478152,,2,,,
2025-12-06T17:49:27.679505,-22.0,-82.0,13.9,,4506548,478152,,2,,,
2025-12-06T17:49:30.800869,-24.0,-82.0,13.9,,4506720,478152,,2,,,
2025-12-06T17:49:34.411566,-23.0,-82.0,13.9,,4506806,478152,,2,,,
2025-12-06T17:49:37.639900,-22.0,-84.0,13.9,,4507064,478152,,2,,,
2025-12-06T17:49:40.727782,-22.0,-82.0,13.9,,4507064,478152,,2,,,
2025-12-06T17:49:43.861857,-22.0,-80.0,13.9,,4507064,478152,,2,,,
2025-12-06T17:49:47.481193,-22.0,-82.0,13.9,,4507064,478152,,2,,,
2025-12-06T17:49:50.538444,-22.0,-82.0,13.9,,4507064,478152,,2,,,
2025-12-06T17:49:53.765961,-22.0,-76.0,13.9,,4507064,478152,,2,,,
2025-12-06T17:49:56.866499,-23.0,-82.0,13.9,,4507150,478152,,2,,,
2025-12-06T17:50:00.563813,-23.0,-82.0,13.9,,4507322,478152,,2,,,
2025-12-06T17:50:03.620814,-23.0,-82.0,13.9,,4507322,478152,,2,,,
2025-12-06T17:50:06.740132,-23.0,-82.0,15.4,,4507580,478152,,2,,,
2025-12-06T17:50:09.857724,-23.0,-82.0,15.4,,4507580,478152,,2,,,
2025-12-06T17:50:13.517586,-23.0,-82.0,15.4,,4507580,478242,,2,,,
2025-12-06T17:50:16.513045,-24.0,-84.0,15.4,,4507580,478242,,2,,,
2025-12-06T17:50:19.579987,-22.0,-84.0,15.4,,4507666,478284,,2,,,
2025-12-06T17:50:22.608251,-22.0,-82.0,15.4,,4507666,478284,,2,,,
2025-12-06T17:50:26.238336,-23.0,-80.0,15.4,,4507752,478284,,2,,,
2025-12-06T17:50:29.560160,-23.0,-84.0,15.4,,4507924,478284,,2,,,
2025-12-06T17:50:32.951142,-39.0,-82.0,15.4,,4508324,478448,,2,,,
2025-12-06T17:50:36.944119,-24.0,-80.0,15.4,,4508582,478490,,2,,,
2025-12-06T17:50:40.379676,-24.0,-84.0,15.4,,4508582,478490,,2,,,
2025-12-06T17:50:43.481077,-23.0,-82.0,15.4,,4508668,478490,,2,,,
2025-12-06T17:50:46.519332,-21.0,-84.0,15.4,,4508840,478490,,2,,,
2025-12-06T17:50:49.667946,-21.0,-82.0,15.4,,4508840,478490,,2,,,
2025-12-06T17:50:53.382861,-21.0,-80.0,15.4,,4508840,478490,,2,,,
2025-12-06T17:50:56.358000,-21.0,-82.0,15.4,,4508840,478490,,2,,,
2025-12-06T17:50:59.419624,-21.0,-82.0,15.4,,4508840,478490,,2,,,
2025-12-06T17:51:02.508499,-21.0,-80.0,15.4,,4508840,478490,,2,,,
2025-12-06T17:51:06.054139,-22.0,-82.0,15.4,,4509012,478490,,2,,,
2025-12-06T17:51:09.160446,-22.0,-82.0,15.4,,4509098,478490,,2,,,
2025-12-06T17:51:12.188137,-22.0,-82.0,15.4,,4509098,478490,,2,,,
2025-12-06T17:51:15.215208,-22.0,-82.0,15.4,,4509098,478490,,2,,,
2025-12-06T17:51:18.861183,-22.0,-84.0,15.4,,4509098,478490,,2,,,
2025-12-06T17:51:21.915252,-23.0,-82.0,15.4,,4509796,478490,,2,,,
2025-12-06T17:51:24.945126,-23.0,-76.0,15.4,,4509796,478490,,2,,,
2025-12-06T17:51:27.965771,-23.0,-80.0,15.4,,4509796,478490,,2,,,
2025-12-06T17:51:31.540746,-23.0,-82.0,15.4,,4509796,478490,,2,,,
2025-12-06T17:51:34.607186,-23.0,-82.0,15.4,,4509796,478490,,2,,,
2025-12-06T17:51:37.657699,-24.0,-82.0,15.4,,4509968,478490,,2,,,
2025-12-06T17:51:40.696291,-21.0,-82.0,15.4,,4510054,478490,,2,,,
2025-12-06T17:51:44.300687,-23.0,-84.0,15.4,,4510140,478490,,2,,,
2025-12-06T17:51:47.423483,-21.0,-82.0,15.4,,4510398,478490,,2,,,
2025-12-06T17:51:50.443986,-22.0,-82.0,11.1,,4510484,478490,,2,,,
2025-12-06T17:51:53.508945,-22.0,-82.0,11.1,,4510484,478490,,2,,,
2025-12-06T17:51:57.142450,-22.0,-82.0,11.1,,4510484,478490,,2,,,
2025-12-06T17:52:00.171308,-22.0,-82.0,11.1,,4510484,478490,,2,,,
2025-12-06T17:52:03.166926,-22.0,-82.0,11.1,,4510484,478490,,2,,,
2025-12-06T17:52:06.256437,-22.0,-80.0,11.1,,4510484,478490,,2,,,
2025-12-06T17:52:09.863075,-22.0,-82.0,11.1,,4510656,478490,,2,,,
2025-12-06T17:52:12.980548,-24.0,-80.0,11.1,,4510742,478490,,2,,,
2025-12-06T17:52:16.036758,-24.0,-82.0,11.1,,4510828,478490,,2,,,
2025-12-06T17:52:19.147254,-23.0,-80.0,13.9,,4511000,478490,,2,,,
2025-12-06T17:52:22.761127,-23.0,-82.0,13.9,,4511000,478490,,2,,,
2025-12-06T17:52:25.880646,-23.0,-82.0,13.9,,4511000,478490,,2,,,
2025-12-06T17:52:29.063211,-24.0,-82.0,11.1,,4511086,478490,,2,,,
2025-12-06T17:52:32.079002,-24.0,-80.0,11.1,,4511086,478490,,2,,,
2025-12-06T17:52:35.599278,-24.0,-82.0,11.1,,4511086,478490,,2,,,
2025-12-06T17:52:38.676779,-21.0,-76.0,13.9,,4511258,478490,,2,,,
2025-12-06T17:52:41.746572,-23.0,-82.0,13.9,,4511602,478490,,2,,,
2025-12-06T17:52:44.808550,-24.0,-82.0,13.9,,4511602,478490,,2,,,
2025-12-06T17:52:48.515483,-24.0,-80.0,13.9,,4511602,478490,,2,,,
2025-12-06T17:52:51.524462,-24.0,-84.0,13.9,,4511602,478490,,2,,,
2025-12-06T17:52:54.545175,-24.0,-82.0,13.9,,4511688,478490,,2,,,
2025-12-06T17:52:57.569027,-24.0,-84.0,13.9,,4511860,478490,,2,,,
2025-12-06T17:53:01.220016,-24.0,-80.0,13.9,,4511860,478490,,2,,,
2025-12-06T17:53:04.246460,-24.0,-82.0,13.9,,4511860,478490,,2,,,
2025-12-06T17:53:07.245082,-24.0,-82.0,13.9,,4511860,478490,,2,,,
2025-12-06T17:53:10.249370,-24.0,-82.0,13.9,,4511860,478490,,2,,,
2025-12-06T17:53:13.634753,-24.0,-80.0,13.9,,4511860,478490,,2,,,
2025-12-06T17:53:16.644521,-24.0,-82.0,13.9,,4511946,478490,,2,,,
2025-12-06T17:53:19.655754,-22.0,-84.0,12.5,,4512118,478490,,2,,,
2025-12-06T17:53:22.669738,-22.0,-80.0,12.5,,4512118,478490,,2,,,
2025-12-06T17:53:25.774224,-22.0,-80.0,12.5,,4512118,478490,,2,,,
2025-12-06T17:53:29.001953,-22.0,-82.0,12.5,,4512118,478490,,2,,,
2025-12-06T17:53:32.028677,-22.0,-78.0,12.5,,4512118,478490,,2,,,
2025-12-06T17:53:35.003504,-22.0,-82.0,12.5,,4512118,478490,,2,,,
2025-12-06T17:53:38.062329,-22.0,-82.0,12.5,,4512118,478490,,2,,,
2025-12-06T17:53:41.446843,-22.0,-82.0,12.5,,4512118,478490,,2,,,
2025-12-06T17:53:44.420969,-24.0,-84.0,12.3,,4512290,478490,,2,,,
2025-12-06T17:53:47.427572,-23.0,-84.0,13.9,,4512376,478490,,2,,,
2025-12-06T17:53:50.453203,-23.0,-82.0,13.9,,4512376,478490,,2,,,
2025-12-06T17:53:53.782724,-23.0,-84.0,13.9,,4512376,478490,,2,,,
2025-12-06T17:53:56.763309,-23.0,-82.0,13.9,,4512376,478490,,2,,,
2025-12-06T17:53:59.792342,-24.0,-82.0,13.9,,4512634,478490,,2,,,
2025-12-06T17:54:02.812895,-24.0,-80.0,11.1,,4512634,478504,,2,,,
2025-12-06T17:54:06.439584,-24.0,-80.0,11.1,,4512634,478594,,2,,,
2025-12-06T17:54:09.470990,-24.0,-82.0,11.1,,4512634,478594,,2,,,
2025-12-06T17:54:12.467800,-23.0,-82.0,12.5,,4512720,478636,,2,,,
2025-12-06T17:54:15.561846,-23.0,-80.0,12.5,,4512720,478636,,2,,,
2025-12-06T17:54:19.270642,-23.0,-80.0,12.5,,4512806,478636,,2,,,
2025-12-06T17:54:22.303758,-22.0,-82.0,12.5,,4512978,478636,,2,,,
2025-12-06T17:54:25.340625,-24.0,-82.0,12.5,,4513102,478718,,2,,,
2025-12-06T17:54:28.428094,-22.0,-80.0,12.5,,4513446,478760,,2,,,
2025-12-06T17:54:32.041463,-24.0,-84.0,12.5,,4513446,478760,,2,,,
2025-12-06T17:54:35.087424,-24.0,-80.0,12.5,,4513446,478760,,2,,,
2025-12-06T17:54:38.122096,-24.0,-82.0,12.5,,4513446,478760,,2,,,
2025-12-06T17:54:41.207750,-24.0,-80.0,12.5,,4513446,478760,,2,,,
2025-12-06T17:54:44.856520,-24.0,-80.0,12.5,,4513446,478760,,2,,,
2025-12-06T17:54:47.863745,-22.0,-82.0,15.4,,4513704,478760,,2,,,
2025-12-06T17:54:50.869228,-24.0,-82.0,15.4,,4513962,478760,,2,,,
2025-12-06T17:54:53.986767,-24.0,-82.0,15.4,,4513962,478760,,2,,,
2025-12-06T17:54:57.624227,-21.0,-82.0,15.4,,4513962,478850,,2,,,
2025-12-06T17:55:00.615091,-21.0,-84.0,15.4,,4513962,478850,,2,,,
2025-12-06T17:55:03.628629,-24.0,-80.0,15.4,,4514048,478892,,2,,,
2025-12-06T17:55:06.880352,-22.0,-82.0,15.4,,4514220,478892,,2,,,
2025-12-06T17:55:10.368852,-22.0,-82.0,15.4,,4514306,478892,,2,,,
2025-12-06T17:55:13.491433,-23.0,-82.0,15.4,,4514566,479056,,2,,,
2025-12-06T17:55:16.474977,-23.0,-82.0,15.4,,4514566,479056,,2,,,
2025-12-06T17:55:19.556941,-23.0,-82.0,15.4,,4514652,479098,,2,,,
2025-12-06T17:55:23.241254,-23.0,-82.0,15.4,,4514652,479098,,2,,,
2025-12-06T17:55:26.244733,-23.0,-82.0,15.4,,4514652,479098,,2,,,
2025-12-06T17:55:29.276899,-23.0,-82.0,15.4,,4514824,479098,,2,,,
2025-12-06T17:55:32.271152,-23.0,-82.0,15.4,,4514910,479098,,2,,,
2025-12-06T17:55:35.962922,-23.0,-82.0,15.4,,4514910,479098,,2,,,
2025-12-06T17:55:38.967168,-23.0,-82.0,15.4,,4514910,479098,,2,,,
2025-12-06T17:55:42.083302,-23.0,-82.0,15.4,,4514910,479098,,2,,,
2025-12-06T17:55:45.157294,-23.0,-84.0,15.4,,4514910,479098,,2,,,
2025-12-06T17:55:48.700909,-23.0,-80.0,15.4,,4514910,479098,,2,,,
2025-12-06T17:55:51.800840,-23.0,-82.0,12.3,,4515168,479098,,2,,,
2025-12-06T17:55:54.860902,-23.0,-82.0,12.3,,4515168,479098,,2,,,
2025-12-06T17:55:57.937740,-23.0,-82.0,12.3,,4515168,479098,,2,,,
2025-12-06T17:56:01.340534,-23.0,-82.0,12.3,,4515168,479098,,2,,,
2025-12-06T17:56:04.429383,-23.0,-82.0,12.3,,4515168,479098,,2,,,
2025-12-06T17:56:07.501205,-23.0,-84.0,12.3,,4515168,479098,,2,,,
2025-12-06T17:56:10.551838,-22.0,-82.0,12.3,,4515426,479098,,2,,,
2025-12-06T17:56:13.873901,-23.0,-82.0,13.9,,4515426,479098,,2,,,
2025-12-06T17:56:16.945654,-23.0,-80.0,13.9,,4515426,479098,,2,,,
2025-12-06T17:56:20.053376,-23.0,-82.0,13.9,,4515426,479098,,2,,,
2025-12-06T17:56:23.196752,-23.0,-80.0,13.9,,4515426,479098,,2,,,
2025-12-06T17:56:26.604498,-23.0,-80.0,13.9,,4515426,479098,,2,,,
2025-12-06T17:56:29.686547,-23.0,-80.0,13.9,,4515426,479098,,2,,,
2025-12-06T17:56:32.779922,-24.0,-84.0,15.4,,4515684,479098,,2,,,
2025-12-06T17:56:35.841715,-23.0,-82.0,15.4,,4515684,479098,,2,,,
2025-12-06T17:56:39.144132,-23.0,-80.0,15.4,,4515856,479098,,2,,,
2025-12-06T17:56:42.123644,-22.0,-82.0,15.4,,4515942,479098,,2,,,
2025-12-06T17:56:45.196566,-22.0,-82.0,15.4,,4515942,479098,,2,,,
2025-12-06T17:56:48.202263,-22.0,-82.0,15.4,,4515942,479098,,2,,,
2025-12-06T17:56:51.387046,-22.0,-80.0,15.4,,4515942,479098,,2,,,
2025-12-06T17:56:54.384790,-23.0,-82.0,11.1,,4516200,479098,,2,,,
2025-12-06T17:56:57.447728,-24.0,-82.0,11.1,,4516200,479098,,2,,,
2025-12-06T17:57:00.467694,-21.0,-82.0,12.5,,4516286,479098,,2,,,
2025-12-06T17:57:03.563625,-22.0,-82.0,12.5,,4516458,479098,,2,,,
2025-12-06T17:57:06.923337,-22.0,-84.0,12.5,,4516458,479098,,2,,,
2025-12-06T17:57:09.892315,-22.0,-82.0,12.5,,4516458,479098,,2,,,
2025-12-06T17:57:12.989799,-22.0,-82.0,12.5,,4516458,479098,,2,,,
2025-12-06T17:57:16.089143,-22.0,-80.0,12.5,,4516458,479098,,2,,,
2025-12-06T17:57:19.404340,-23.0,-84.0,13.9,,4516716,479098,,2,,,
2025-12-06T17:57:22.422896,-23.0,-84.0,13.9,,4516716,479098,,2,,,
2025-12-06T17:57:25.451613,-23.0,-84.0,13.9,,4516716,479098,,2,,,
2025-12-06T17:57:28.489915,-23.0,-80.0,13.9,,4516716,479098,,2,,,
2025-12-06T17:57:31.914481,-23.0,-82.0,13.9,,4516716,479098,,2,,,
2025-12-06T17:57:35.004702,-23.0,-84.0,13.9,,4516716,479098,,2,,,
2025-12-06T17:57:37.992550,-23.0,-80.0,13.9,,4516716,479098,,2,,,
2025-12-06T17:57:41.246488,-23.0,-80.0,13.9,,4516974,479098,,2,,,
2025-12-06T17:57:44.794547,-23.0,-82.0,13.9,,4516974,479098,,2,,,
2025-12-06T17:57:47.809199,-23.0,-82.0,13.9,,4516974,479098,,2,,,
2025-12-06T17:57:50.872966,-23.0,-82.0,13.9,,4516974,479098,,2,,,
2025-12-06T17:57:53.849275,-23.0,-84.0,13.9,,4516974,479098,,2,,,
2025-12-06T17:57:57.565512,-24.0,-84.0,13.9,,4517232,479098,,2,,,
2025-12-06T17:58:00.593254,-22.0,-82.0,13.9,,4517232,479098,,2,,,
2025-12-06T17:58:03.630087,-22.0,-82.0,13.9,,4517232,479098,,2,,,
2025-12-06T17:58:06.789025,-22.0,-80.0,13.9,,4517232,479098,,2,,,
2025-12-06T17:58:10.394996,-22.0,-82.0,13.9,,4517232,479098,,2,,,
2025-12-06T17:58:13.485766,-22.0,-82.0,13.9,,4517232,479098,,2,,,
2025-12-06T17:58:16.490108,-22.0,-84.0,13.9,,4517232,479098,,2,,,
2025-12-06T17:58:19.581368,-22.0,-82.0,13.9,,4517318,479098,,2,,,
2025-12-06T17:58:23.183156,-24.0,-84.0,13.9,,4517490,479098,,2,,,
2025-12-06T17:58:26.271863,-24.0,-80.0,13.9,,4517490,479098,,2,,,
2025-12-06T17:58:29.381832,-24.0,-82.0,13.9,,4517490,479098,,2,,,
2025-12-06T17:58:32.441426,-24.0,-82.0,13.9,,4517490,479098,,2,,,
2025-12-06T17:58:36.153373,-24.0,-82.0,13.9,,4517490,479098,,2,,,
2025-12-06T17:58:39.623324,-24.0,-82.0,13.9,,4517490,479098,,2,,,
2025-12-06T17:58:42.711102,-24.0,-84.0,13.9,,4517662,479098,,2,,,
2025-12-06T17:58:45.767893,-24.0,-82.0,15.4,,4517748,479098,,2,,,
2025-12-06T17:58:49.422312,-24.0,-84.0,15.4,,4517834,479098,,2,,,
2025-12-06T17:58:52.481214,-22.0,-82.0,15.4,,4518006,479098,,2,,,
2025-12-06T17:58:55.590916,-22.0,-82.0,15.4,,4518006,479098,,2,,,
2025-12-06T17:58:58.589550,-24.0,-82.0,15.4,,4518092,479098,,2,,,
2025-12-06T17:59:02.245536,-24.0,-84.0,15.4,,4518264,479112,,2,,,
2025-12-06T17:59:05.326279,-24.0,-80.0,15.4,,4518264,479112,,2,,,
2025-12-06T17:59:08.331134,-24.0,-84.0,15.4,,4518264,479112,,2,,,
2025-12-06T17:59:11.379680,-24.0,-82.0,15.4,,4518436,479112,,2,,,
2025-12-06T17:59:15.027457,-21.0,-82.0,15.4,,4518522,479112,,2,,,
2025-12-06T17:59:18.115481,-21.0,-82.0,15.4,,4518522,479112,,2,,,
2025-12-06T17:59:21.190911,-21.0,-80.0,15.4,,4518522,479112,,2,,,
2025-12-06T17:59:24.150953,-21.0,-80.0,15.4,,4518522,479112,,2,,,
2025-12-06T17:59:27.805241,-24.0,-82.0,15.4,,4518522,479202,,2,,,
2025-12-06T17:59:30.804183,-23.0,-82.0,13.9,,4518780,479202,,2,,,
2025-12-06T17:59:33.908116,-23.0,-80.0,13.9,,4518866,479244,,2,,,
2025-12-06T17:59:37.046152,-23.0,-82.0,13.9,,4518866,479244,,2,,,
2025-12-06T17:59:40.561939,-23.0,-80.0,13.9,,4518866,479244,,2,,,
2025-12-06T17:59:43.553145,-23.0,-82.0,13.9,,4518990,479326,,2,,,
2025-12-06T17:59:46.516754,-23.0,-82.0,13.9,,4518990,479326,,2,,,
2025-12-06T17:59:49.622102,-21.0,-84.0,13.9,,4519162,479368,,2,,,
2025-12-06T17:59:53.156119,-24.0,-82.0,13.9,,4519334,479368,,2,,,
2025-12-06T17:59:56.243150,-24.0,-82.0,13.9,,4519334,479368,,2,,,
2025-12-06T17:59:59.393822,-24.0,-82.0,13.9,,4519334,479368,,2,,,
2025-12-06T18:00:02.319706,-22.0,-80.0,13.9,,4519506,479368,,2,,,
2025-12-06T18:00:06.026827,-22.0,-74.0,13.9,,4519592,479368,,2,,,
2025-12-06T18:00:09.010510,-22.0,-82.0,13.9,,4519592,479368,,2,,,
2025-12-06T18:00:11.989678,-22.0,-84.0,13.9,,4519592,479368,,2,,,
2025-12-06T18:00:15.053604,-22.0,-82.0,13.9,,4519592,479368,,2,,,
2025-12-06T18:00:18.508939,-22.0,-80.0,13.9,,4519592,479368,,2,,,
2025-12-06T18:00:21.530047,-22.0,-82.0,13.9,,4519592,479368,,2,,,
2025-12-06T18:00:24.535863,-22.0,-84.0,13.9,,4519592,479368,,2,,,
2025-12-06T18:00:27.592233,-22.0,-82.0,13.9,,4519592,479368,,2,,,
2025-12-06T18:00:31.165641,-22.0,-80.0,13.9,,4519592,479368,,2,,,
2025-12-06T18:00:34.227256,-24.0,-86.0,13.9,,4519850,479368,,2,,,
2025-12-06T18:00:37.257809,-24.0,-82.0,13.9,,4519850,479368,,2,,,
2025-12-06T18:00:40.241003,-24.0,-82.0,13.9,,4519850,479368,,2,,,
2025-12-06T18:00:43.419763,-24.0,-82.0,13.9,,4519850,479368,,2,,,
2025-12-06T18:00:46.551437,-24.0,-82.0,13.9,,4519850,479368,,2,,,
2025-12-06T18:00:49.585767,-24.0,-82.0,13.9,,4519850,479368,,2,,,
2025-12-06T18:00:52.613884,-24.0,-82.0,13.9,,4519850,479368,,2,,,
2025-12-06T18:00:55.583841,-23.0,-82.0,13.9,,4520108,479368,,2,,,
2025-12-06T18:00:58.972301,-23.0,-82.0,13.9,,4520108,479368,,2,,,
2025-12-06T18:01:01.955216,-23.0,-84.0,13.9,,4520280,479368,,2,,,
2025-12-06T18:01:04.974881,-21.0,-84.0,13.9,,4520366,479368,,2,,,
2025-12-06T18:01:07.911399,-21.0,-84.0,13.9,,4520624,479368,,2,,,
2025-12-06T18:01:11.579465,-21.0,-82.0,13.9,,4520624,479368,,2,,,
2025-12-06T18:01:14.602386,-21.0,-82.0,13.9,,4520624,479368,,2,,,
2025-12-06T18:01:17.724231,-21.0,-84.0,13.9,,4520624,479368,,2,,,
2025-12-06T18:01:20.751316,-21.0,-80.0,13.9,,4520624,479368,,2,,,
2025-12-06T18:01:24.447514,-23.0,-82.0,13.9,,4520882,479368,,2,,,
2025-12-06T18:01:27.459046,-21.0,-82.0,13.9,,4520882,479368,,2,,,
2025-12-06T18:01:30.509844,-21.0,-82.0,13.9,,4520882,479368,,2,,,
2025-12-06T18:01:33.539272,-21.0,-82.0,13.9,,4520882,479368,,2,,,
2025-12-06T18:01:37.348937,-21.0,-82.0,13.9,,4520882,479368,,2,,,
2025-12-06T18:01:40.372430,-23.0,-82.0,13.9,,4520968,479368,,2,,,
2025-12-06T18:01:43.422898,-21.0,-82.0,13.9,,4521140,479368,,2,,,
2025-12-06T18:01:46.496607,-21.0,-78.0,13.9,,4521140,479368,,2,,,
2025-12-06T18:01:50.130677,-21.0,-80.0,13.9,,4521140,479368,,2,,,
2025-12-06T18:01:53.213140,-21.0,-82.0,13.9,,4521140,479368,,2,,,
2025-12-06T18:01:56.201256,-21.0,-82.0,13.9,,4521140,479368,,2,,,
2025-12-06T18:01:59.216089,-21.0,-84.0,13.9,,4521140,479368,,2,,,
2025-12-06T18:02:02.787750,-23.0,-82.0,15.4,,4521312,479368,,2,,,
2025-12-06T18:02:05.808943,-22.0,-82.0,15.4,,4521398,479368,,2,,,
2025-12-06T18:02:08.848451,-24.0,-82.0,15.4,,4521484,479368,,2,,,
2025-12-06T18:02:11.907081,-21.0,-82.0,15.4,,4521656,479368,,2,,,
2025-12-06T18:02:15.507029,-21.0,-82.0,15.4,,4521656,479368,,2,,,
2025-12-06T18:02:18.506703,-21.0,-78.0,15.4,,4521656,479368,,2,,,
2025-12-06T18:02:21.520658,-21.0,-84.0,15.4,,4521656,479368,,2,,,
2025-12-06T18:02:24.568680,-21.0,-82.0,15.4,,4521656,479368,,2,,,
2025-12-06T18:02:28.166686,-21.0,-84.0,15.4,,4521656,479368,,2,,,
2025-12-06T18:02:31.227986,-21.0,-82.0,15.4,,4521656,479368,,2,,,
2025-12-06T18:02:34.291320,-21.0,-80.0,15.4,,4521656,479368,,2,,,
2025-12-06T18:02:37.404691,-21.0,-80.0,15.4,,4521656,479368,,2,,,
2025-12-06T18:02:41.125888,-21.0,-82.0,15.4,,4521656,479368,,2,,,
2025-12-06T18:02:44.152575,-22.0,-82.0,15.4,,4521828,479368,,2,,,
2025-12-06T18:02:47.211301,-23.0,-80.0,11.1,,4521914,479368,,2,,,
2025-12-06T18:02:50.287083,-23.0,-82.0,11.1,,4521914,479368,,2,,,
2025-12-06T18:02:53.842616,-23.0,-80.0,11.1,,4521914,479368,,2,,,
2025-12-06T18:02:56.966435,-23.0,-84.0,11.1,,4521914,479368,,2,,,
2025-12-06T18:03:00.032735,-23.0,-82.0,11.1,,4521914,479368,,2,,,
2025-12-06T18:03:03.114211,-23.0,-84.0,11.1,,4521914,479368,,2,,,
2025-12-06T18:03:06.679701,-22.0,-82.0,11.1,,4522172,479458,,2,,,
2025-12-06T18:03:09.678162,-23.0,-82.0,13.9,,4522172,479458,,2,,,
2025-12-06T18:03:12.677246,-23.0,-84.0,13.9,,4522602,479500,,2,,,
2025-12-06T18:03:15.738930,-24.0,-84.0,13.9,,4522774,479500,,2,,,
2025-12-06T18:03:19.209642,-24.0,-84.0,13.9,,4522774,479500,,2,,,
2025-12-06T18:03:22.314314,-24.0,-84.0,13.9,,4522898,479582,,2,,,
2025-12-06T18:03:25.346055,-21.0,-82.0,13.9,,4522898,479582,,2,,,
2025-12-06T18:03:28.311720,-23.0,-82.0,13.9,,4522984,479624,,2,,,
2025-12-06T18:03:31.406288,-23.0,-84.0,13.9,,4522984,479624,,2,,,
2025-12-06T18:03:34.567254,-21.0,-84.0,13.9,,4523156,479624,,2,,,
2025-12-06T18:03:37.607031,-22.0,-82.0,15.4,,4523242,479624,,2,,,
2025-12-06T18:03:40.629323,-22.0,-82.0,15.4,,4523242,479624,,2,,,
2025-12-06T18:03:43.578633,-22.0,-82.0,15.4,,4523242,479624,,2,,,
2025-12-06T18:03:46.949526,-22.0,-82.0,15.4,,4523242,479624,,2,,,
2025-12-06T18:03:50.007902,-22.0,-82.0,15.4,,4523242,479624,,2,,,
2025-12-06T18:03:53.033707,-41.0,-82.0,12.5,,4523500,479714,,2,,,
2025-12-06T18:03:56.031425,-23.0,-82.0,13.9,,4523586,479756,,2,,,
2025-12-06T18:03:59.577177,-23.0,-82.0,13.9,,4523586,479756,,2,,,
2025-12-06T18:04:02.575032,-23.0,-82.0,13.9,,4523586,479770,,2,,,
2025-12-06T18:04:05.631747,-23.0,-82.0,13.9,,4523586,479770,,2,,,
2025-12-06T18:04:08.626596,-22.0,-84.0,15.4,,4523846,479934,,2,,,
2025-12-06T18:04:12.268526,-22.0,-84.0,15.4,,4523846,479934,,2,,,
2025-12-06T18:04:15.293193,-22.0,-84.0,13.9,,4524276,479976,,2,,,
2025-12-06T18:04:18.446191,-24.0,-82.0,13.9,,4524448,479976,,2,,,
2025-12-06T18:04:21.536684,-24.0,-80.0,13.9,,4524448,479976,,2,,,
2025-12-06T18:04:25.170944,-24.0,-84.0,13.9,,4524448,479976,,2,,,
2025-12-06T18:04:28.132760,-24.0,-82.0,13.9,,4524448,479976,,2,,,
2025-12-06T18:04:31.152818,-24.0,-82.0,13.9,,4524448,479976,,2,,,
2025-12-06T18:04:34.346446,-24.0,-80.0,13.9,,4524448,479976,,2,,,
2025-12-06T18:04:37.952711,-24.0,-82.0,13.9,,4524448,479976,,2,,,
2025-12-06T18:04:41.188232,-24.0,-82.0,13.9,,4524448,479976,,2,,,
2025-12-06T18:04:44.247598,-24.0,-82.0,13.9,,4524448,479976,,2,,,
2025-12-06T18:04:47.218788,-24.0,-82.0,13.9,,4524448,479976,,2,,,
2025-12-06T18:04:50.808045,-24.0,-82.0,13.9,,4524448,479976,,2,,,
2025-12-06T18:04:53.787825,-24.0,-82.0,13.9,,4524534,479976,,2,,,
2025-12-06T18:04:56.867427,-22.0,-82.0,13.9,,4524706,479976,,2,,,
2025-12-06T18:04:59.862775,-22.0,-82.0,13.9,,4524706,479976,,2,,,
2025-12-06T18:05:03.628858,-22.0,-80.0,13.9,,4524706,479976,,2,,,
2025-12-06T18:05:06.766289,-22.0,-84.0,13.9,,4524706,479976,,2,,,
2025-12-06T18:05:09.836418,-22.0,-84.0,13.9,,4524706,479976,,2,,,
2025-12-06T18:05:12.836579,-22.0,-82.0,13.9,,4524706,479976,,2,,,
2025-12-06T18:05:16.508294,-22.0,-82.0,13.9,,4524792,479976,,2,,,
2025-12-06T18:05:19.613186,-22.0,-82.0,13.9,,4525136,479976,,2,,,
2025-12-06T18:05:22.663674,-22.0,-82.0,13.9,,4525222,479976,,2,,,
2025-12-06T18:05:25.766848,-22.0,-82.0,13.9,,4525480,479976,,2,,,
2025-12-06T18:05:29.368451,-22.0,-82.0,13.9,,4525480,479976,,2,,,
2025-12-06T18:05:32.456627,-22.0,-82.0,13.9,,4525480,479976,,2,,,
2025-12-06T18:05:35.486861,-22.0,-82.0,13.9,,4525480,479976,,2,,,
2025-12-06T18:05:38.635859,-22.0,-82.0,13.9,,4525480,479976,,2,,,
2025-12-06T18:05:42.268248,-22.0,-82.0,13.9,,4525480,479976,,2,,,
2025-12-06T18:05:45.326386,-22.0,-82.0,13.9,,4525566,479976,,2,,,
2025-12-06T18:05:48.347204,-24.0,-84.0,13.9,,4525738,479976,,2,,,
2025-12-06T18:05:51.394395,-24.0,-82.0,13.9,,4525738,479976,,2,,,
2025-12-06T18:05:55.048052,-24.0,-80.0,13.9,,4525738,479976,,2,,,
2025-12-06T18:05:58.125014,-24.0,-80.0,13.9,,4525738,479976,,2,,,
2025-12-06T18:06:01.206282,-24.0,-82.0,13.9,,4525738,479976,,2,,,
2025-12-06T18:06:04.349591,-24.0,-82.0,13.9,,4525996,479976,,2,,,
2025-12-06T18:06:08.069236,-24.0,-82.0,13.9,,4525996,479976,,2,,,
2025-12-06T18:06:11.066738,-24.0,-80.0,13.9,,4525996,479976,,2,,,
2025-12-06T18:06:14.130824,-24.0,-78.0,13.9,,4525996,479976,,2,,,
2025-12-06T18:06:17.157578,-24.0,-82.0,13.9,,4525996,479976,,2,,,
2025-12-06T18:06:21.007163,-24.0,-82.0,13.9,,4526082,479976,,2,,,
2025-12-06T18:06:24.112037,-23.0,-80.0,13.9,,4526340,479976,,2,,,
2025-12-06T18:06:27.177430,-23.0,-84.0,13.9,,4526512,479976,,2,,,
2025-12-06T18:06:30.207326,-23.0,-80.0,13.9,,4526512,479976,,2,,,
2025-12-06T18:06:33.846827,-23.0,-82.0,13.9,,4526512,479976,,2,,,
2025-12-06T18:06:36.986687,-23.0,-84.0,13.9,,4526512,479976,,2,,,
2025-12-06T18:06:39.999970,-23.0,-82.0,13.9,,4526512,479976,,2,,,
2025-12-06T18:06:43.062446,-23.0,-84.0,13.9,,4526512,479976,,2,,,
2025-12-06T18:06:46.687237,-23.0,-80.0,13.9,,4526512,479976,,2,,,
2025-12-06T18:06:49.693848,-23.0,-82.0,13.9,,4526512,479976,,2,,,
2025-12-06T18:06:52.723338,-23.0,-82.0,13.9,,4526512,479976,,2,,,
2025-12-06T18:06:55.769710,-23.0,-80.0,13.9,,4526512,479976,,2,,,
2025-12-06T18:06:59.249201,-23.0,-80.0,13.9,,4526512,479976,,2,,,
2025-12-06T18:07:02.265202,-23.0,-82.0,13.9,,4526512,479976,,2,,,
2025-12-06T18:07:05.308767,-23.0,-80.0,13.9,,4526598,479976,,2,,,
2025-12-06T18:07:08.406817,-22.0,-84.0,13.9,,4526770,479976,,2,,,
2025-12-06T18:07:11.674004,-22.0,-82.0,13.9,,4526770,479976,,2,,,
2025-12-06T18:07:14.638062,-22.0,-82.0,13.9,,4526770,479976,,2,,,
2025-12-06T18:07:17.692804,-22.0,-82.0,13.9,,4526770,479976,,2,,,
2025-12-06T18:07:20.729314,-22.0,-82.0,13.9,,4526770,479976,,2,,,
2025-12-06T18:07:23.865520,-22.0,-80.0,13.9,,4526770,479976,,2,,,
2025-12-06T18:07:27.114748,-24.0,-84.0,12.3,,4527114,479976,,2,,,
2025-12-06T18:07:30.241102,-24.0,-84.0,12.3,,4527286,479976,,2,,,
2025-12-06T18:07:33.213848,-24.0,-82.0,12.3,,4527286,479976,,2,,,
2025-12-06T18:07:36.400441,-42.0,-78.0,12.3,,4527544,479976,,2,,,
2025-12-06T18:07:39.538042,-21.0,-82.0,12.3,,4527544,479976,,2,,,
2025-12-06T18:07:42.631845,-21.0,-82.0,12.3,,4527544,479976,,2,,,
2025-12-06T18:07:45.629845,-21.0,-82.0,12.3,,4527544,479976,,2,,,
2025-12-06T18:07:48.656358,-21.0,-80.0,12.3,,4527544,479976,,2,,,
2025-12-06T18:07:52.052956,-21.0,-82.0,12.3,,4527544,479976,,2,,,
2025-12-06T18:07:55.028995,-21.0,-82.0,12.3,,4527544,479976,,2,,,
2025-12-06T18:07:58.076326,-22.0,-84.0,12.3,,4527802,479976,,2,,,
2025-12-06T18:08:01.101463,-23.0,-82.0,12.3,,4527802,479976,,2,,,
2025-12-06T18:08:04.677990,-23.0,-82.0,12.3,,4527802,479976,,2,,,
2025-12-06T18:08:07.643074,-23.0,-84.0,12.3,,4527802,479976,,2,,,
2025-12-06T18:08:10.676359,-23.0,-82.0,12.3,,4527802,479976,,2,,,
2025-12-06T18:08:13.677620,-23.0,-80.0,12.3,,4527888,479976,,2,,,
2025-12-06T18:08:17.251309,-22.0,-82.0,12.5,,4528060,479976,,2,,,
2025-12-06T18:08:20.277267,-22.0,-82.0,12.5,,4528060,479976,,2,,,
2025-12-06T18:08:23.336205,-22.0,-82.0,12.5,,4528060,479976,,2,,,
2025-12-06T18:08:26.401587,-22.0,-78.0,12.5,,4528060,479976,,2,,,
2025-12-06T18:08:29.973267,-24.0,-82.0,12.5,,4528318,479976,,2,,,
2025-12-06T18:08:33.189403,-24.0,-82.0,12.5,,4528318,479976,,2,,,
2025-12-06T18:08:36.223240,-23.0,-82.0,12.5,,4528490,479976,,2,,,
2025-12-06T18:08:39.295449,-22.0,-82.0,15.4,,4528576,479976,,2,,,
2025-12-06T18:08:43.114609,-22.0,-80.0,15.4,,4528576,480066,,2,,,
2025-12-06T18:08:46.269362,-22.0,-82.0,15.4,,4528662,480108,,2,,,
2025-12-06T18:08:49.403347,-24.0,-82.0,15.4,,4528662,480108,,2,,,
2025-12-06T18:08:52.333924,-24.0,-80.0,15.4,,4528662,480108,,2,,,
2025-12-06T18:08:55.958030,-24.0,-84.0,15.4,,4528662,480108,,2,,,
2025-12-06T18:08:59.088285,-21.0,-82.0,15.4,,4528786,480190,,2,,,
2025-12-06T18:09:02.119045,-23.0,-84.0,15.4,,4528786,480204,,2,,,
2025-12-06T18:09:05.098715,-23.0,-82.0,15.4,,4528872,480246,,2,,,
2025-12-06T18:09:08.726880,-23.0,-84.0,15.4,,4528872,480246,,2,,,
2025-12-06T18:09:11.791048,-23.0,-84.0,15.4,,4528872,480246,,2,,,
2025-12-06T18:09:14.814594,-23.0,-82.0,15.4,,4528872,480246,,2,,,
2025-12-06T18:09:17.874302,-21.0,-82.0,12.3,,4529130,480246,,2,,,
2025-12-06T18:09:21.465114,-22.0,-82.0,12.3,,4529130,480246,,2,,,
2025-12-06T18:09:24.537320,-22.0,-82.0,12.3,,4529130,480246,,2,,,
2025-12-06T18:09:27.570158,-22.0,-82.0,12.3,,4529130,480246,,2,,,
2025-12-06T18:09:30.878413,-23.0,-82.0,12.3,,4529216,480246,,2,,,
2025-12-06T18:09:34.471117,-24.0,-82.0,12.3,,4529388,480246,,2,,,
2025-12-06T18:09:37.591768,-24.0,-80.0,12.3,,4529388,480246,,2,,,
2025-12-06T18:09:40.616967,-22.0,-84.0,12.3,,4529646,480246,,2,,,
2025-12-06T18:09:43.651213,-22.0,-80.0,12.3,,4529646,480246,,2,,,
2025-12-06T18:09:47.322165,-23.0,-84.0,12.3,,4529818,480246,,2,,,
2025-12-06T18:09:50.339669,-23.0,-82.0,9.2,,4529904,480246,,2,,,
2025-12-06T18:09:53.373212,-23.0,-80.0,9.2,,4529904,480246,,2,,,
2025-12-06T18:09:56.397751,-23.0,-82.0,9.2,,4529904,480246,,2,,,
2025-12-06T18:09:59.844407,-23.0,-82.0,9.2,,4529904,480246,,2,,,
2025-12-06T18:10:02.932481,-23.0,-84.0,9.2,,4529904,480246,,2,,,
2025-12-06T18:10:05.998401,-23.0,-82.0,9.2,,4529904,480246,,2,,,
2025-12-06T18:10:09.093141,-22.0,-82.0,9.2,,4530162,480246,,2,,,
2025-12-06T18:10:12.581118,-22.0,-80.0,9.2,,4530162,480246,,2,,,
2025-12-06T18:10:15.595750,-22.0,-78.0,9.2,,4530162,480246,,2,,,
2025-12-06T18:10:18.653589,-22.0,-80.0,9.2,,4530162,480246,,2,,,
2025-12-06T18:10:21.672769,-22.0,-78.0,9.2,,4530162,480246,,2,,,
2025-12-06T18:10:24.993018,-23.0,-84.0,11.1,,4530248,480246,,2,,,
2025-12-06T18:10:28.077616,-24.0,-82.0,11.1,,4530420,480246,,2,,,
2025-12-06T18:10:31.167509,-24.0,-80.0,11.1,,4530420,480246,,2,,,
2025-12-06T18:10:34.313439,-24.0,-84.0,11.1,,4530506,480246,,2,,,
2025-12-06T18:10:37.647814,-24.0,-82.0,12.3,,4530678,480246,,2,,,
2025-12-06T18:10:40.690704,-24.0,-82.0,12.3,,4530678,480246,,2,,,
2025-12-06T18:10:43.678967,-24.0,-82.0,12.3,,4530678,480246,,2,,,
2025-12-06T18:10:46.710078,-22.0,-82.0,12.3,,4530764,480246,,2,,,
2025-12-06T18:10:49.893514,-22.0,-80.0,12.3,,4530936,480246,,2,,,
2025-12-06T18:10:52.919330,-22.0,-80.0,12.3,,4530936,480246,,2,,,
2025-12-06T18:10:55.980522,-22.0,-82.0,12.3,,4530936,480246,,2,,,
2025-12-06T18:10:58.928567,-22.0,-82.0,12.3,,4530936,480246,,2,,,
2025-12-06T18:11:02.014203,-22.0,-82.0,12.3,,4530936,480246,,2,,,
2025-12-06T18:11:05.289368,-22.0,-84.0,12.3,,4530936,480246,,2,,,
2025-12-06T18:11:08.279462,-22.0,-84.0,12.3,,4530936,480246,,2,,,
2025-12-06T18:11:11.338239,-22.0,-82.0,12.3,,4530936,480246,,2,,,
2025-12-06T18:11:14.435839,-22.0,-82.0,12.3,,4530936,480246,,2,,,
2025-12-06T18:11:17.911528,-22.0,-82.0,12.3,,4530936,480246,,2,,,
2025-12-06T18:11:20.930908,-22.0,-84.0,12.3,,4530936,480246,,2,,,
2025-12-06T18:11:23.971677,-22.0,-82.0,12.3,,4530936,480246,,2,,,
2025-12-06T18:11:26.975372,-22.0,-80.0,12.3,,4530936,480246,,2,,,
2025-12-06T18:11:30.539344,-24.0,-84.0,12.3,,4531194,480246,,2,,,
2025-12-06T18:11:33.752508,-24.0,-84.0,12.3,,4531194,480246,,2,,,
2025-12-06T18:11:36.841175,-24.0,-84.0,12.3,,4531280,480246,,2,,,
2025-12-06T18:11:39.907289,-23.0,-82.0,12.3,,4531452,480246,,2,,,
2025-12-06T18:11:43.320304,-23.0,-82.0,12.3,,4531452,480246,,2,,,
2025-12-06T18:11:46.379806,-23.0,-82.0,12.3,,4531452,480246,,2,,,
2025-12-06T18:11:49.433281,-23.0,-84.0,12.3,,4531538,480246,,2,,,
2025-12-06T18:11:52.496932,-24.0,-80.0,9.2,,4531710,480246,,2,,,
2025-12-06T18:11:56.113595,-24.0,-82.0,9.2,,4531710,480246,,2,,,
2025-12-06T18:11:59.156474,-21.0,-82.0,9.2,,4531968,480246,,2,,,
2025-12-06T18:12:02.329588,-21.0,-84.0,9.2,,4531968,480336,,2,,,
2025-12-06T18:12:05.315893,-22.0,-80.0,9.2,,4531968,480336,,2,,,
2025-12-06T18:12:08.972651,-23.0,-82.0,9.2,,4532054,480378,,2,,,
2025-12-06T18:12:12.033607,-23.0,-82.0,9.2,,4532054,480378,,2,,,
2025-12-06T18:12:15.109895,-23.0,-82.0,9.2,,4532054,480378,,2,,,
2025-12-06T18:12:18.227480,-41.0,-82.0,9.2,,4532140,480378,,2,,,
2025-12-06T18:12:21.874908,-23.0,-84.0,11.1,,4532626,480542,,2,,,
2025-12-06T18:12:24.854970,-25.0,-82.0,11.1,,4532712,480584,,2,,,
2025-12-06T18:12:27.960431,-21.0,-82.0,11.1,,4532712,480584,,2,,,
2025-12-06T18:12:31.005394,-21.0,-80.0,11.1,,4532712,480584,,2,,,
2025-12-06T18:12:34.777948,-21.0,-82.0,11.1,,4532712,480584,,2,,,
2025-12-06T18:12:37.832227,-24.0,-82.0,13.9,,4532970,480584,,2,,,
2025-12-06T18:12:40.857716,-22.0,-82.0,13.9,,4533056,480584,,2,,,
2025-12-06T18:12:43.897172,-22.0,-82.0,15.4,,4533228,480584,,2,,,
2025-12-06T18:12:47.534384,-21.0,-82.0,15.4,,4533228,480674,,2,,,
2025-12-06T18:12:50.676338,-21.0,-82.0,15.4,,4533228,480674,,2,,,
2025-12-06T18:12:53.689266,-21.0,-80.0,15.4,,4533228,480674,,2,,,
2025-12-06T18:12:56.811181,-21.0,-82.0,15.4,,4533314,480674,,2,,,
2025-12-06T18:13:00.564613,-23.0,-82.0,15.4,,4533486,480674,,2,,,
2025-12-06T18:13:03.570546,-22.0,-84.0,15.4,,4533746,480838,,2,,,
2025-12-06T18:13:06.781743,-24.0,-84.0,15.4,,4534018,481140,,2,,,
2025-12-06T18:13:09.782819,-23.0,-82.0,15.4,,4534190,481224,,2,,,
2025-12-06T18:13:13.329071,-23.0,-82.0,15.4,,4534190,481224,,2,,,
2025-12-06T18:13:16.378750,-23.0,-84.0,15.4,,4534190,481224,,2,,,
2025-12-06T18:13:19.549727,-23.0,-84.0,15.4,,4534190,481224,,2,,,
2025-12-06T18:13:22.910234,-23.0,-82.0,15.4,,4534190,481224,,2,,,
2025-12-06T18:13:26.530594,-23.0,-82.0,15.4,,4534190,481224,,2,,,
2025-12-06T18:13:29.576985,-23.0,-84.0,15.4,,4534190,481224,,2,,,
2025-12-06T18:13:32.615076,-23.0,-84.0,15.4,,4534190,481224,,2,,,
2025-12-06T18:13:35.629549,-23.0,-82.0,15.4,,4534190,481224,,2,,,
2025-12-06T18:13:39.276655,-22.0,-82.0,15.4,,4534276,481224,,2,,,
2025-12-06T18:13:42.276959,-22.0,-82.0,13.9,,4534448,481224,,2,,,
2025-12-06T18:13:45.366431,-23.0,-84.0,13.9,,4534706,481224,,2,,,
2025-12-06T18:13:48.415489,-23.0,-80.0,11.1,,4534706,481224,,2,,,
2025-12-06T18:13:52.047226,-23.0,-82.0,11.1,,4534706,481224,,2,,,
2025-12-06T18:13:55.173567,-23.0,-80.0,11.1,,4534706,481224,,2,,,
2025-12-06T18:13:58.184421,-23.0,-80.0,11.1,,4534706,481224,,2,,,
2025-12-06T18:14:01.241069,-23.0,-82.0,13.9,,4534878,481238,,2,,,
2025-12-06T18:14:05.008636,-21.0,-80.0,13.9,,4534964,481238,,2,,,
2025-12-06T18:14:07.978231,-21.0,-82.0,13.9,,4535050,481238,,2,,,
2025-12-06T18:14:10.995675,-23.0,-82.0,13.9,,4535222,481238,,2,,,
2025-12-06T18:14:14.071690,-23.0,-84.0,13.9,,4535222,481238,,2,,,
2025-12-06T18:14:17.534571,-23.0,-82.0,13.9,,4535222,481238,,2,,,
2025-12-06T18:14:20.561056,-23.0,-84.0,13.9,,4535222,481238,,2,,,
2025-12-06T18:14:23.640689,-23.0,-82.0,13.9,,4535222,481238,,2,,,
2025-12-06T18:14:26.733705,-23.0,-80.0,13.9,,4535222,481238,,2,,,
2025-12-06T18:14:30.214747,-24.0,-80.0,13.9,,4535308,481238,,2,,,
2025-12-06T18:14:33.273789,-23.0,-82.0,15.4,,4535480,481238,,2,,,
2025-12-06T18:14:36.317982,-23.0,-82.0,15.4,,4535480,481238,,2,,,
2025-12-06T18:14:39.412838,-23.0,-80.0,15.4,,4535480,481238,,2,,,
2025-12-06T18:14:42.859823,-23.0,-82.0,15.4,,4535480,481238,,2,,,
2025-12-06T18:14:45.884690,-23.0,-82.0,15.4,,4535480,481238,,2,,,
2025-12-06T18:14:48.898593,-22.0,-82.0,15.4,,4535910,481238,,2,,,
2025-12-06T18:14:51.949629,-22.0,-82.0,15.4,,4535996,481238,,2,,,
2025-12-06T18:14:55.218512,-22.0,-72.0,15.4,,4535996,481238,,2,,,
2025-12-06T18:14:58.239267,-22.0,-82.0,15.4,,4535996,481238,,2,,,
2025-12-06T18:15:01.352511,-22.0,-82.0,15.4,,4535996,481238,,2,,,
2025-12-06T18:15:04.384800,-22.0,-80.0,15.4,,4535996,481238,,2,,,
2025-12-06T18:15:07.654175,-22.0,-82.0,15.4,,4535996,481238,,2,,,
2025-12-06T18:15:10.772305,-23.0,-84.0,12.5,,4536168,481238,,2,,,
2025-12-06T18:15:13.834111,-21.0,-84.0,12.5,,4536254,481238,,2,,,
2025-12-06T18:15:16.798998,-21.0,-82.0,12.5,,4536254,481238,,2,,,
2025-12-06T18:15:19.959190,-21.0,-82.0,12.5,,4536254,481238,,2,,,
2025-12-06T18:15:22.981363,-21.0,-84.0,12.5,,4536254,481238,,2,,,
2025-12-06T18:15:26.066450,-21.0,-84.0,12.5,,4536254,481238,,2,,,
2025-12-06T18:15:29.096498,-21.0,-82.0,12.5,,4536254,481238,,2,,,
2025-12-06T18:15:32.260616,-21.0,-80.0,12.5,,4536254,481238,,2,,,
2025-12-06T18:15:35.499681,-21.0,-80.0,12.5,,4536254,481238,,2,,,
2025-12-06T18:15:38.676340,-21.0,-84.0,12.5,,4536254,481238,,2,,,
2025-12-06T18:15:41.641451,-21.0,-82.0,12.5,,4536254,481238,,2,,,
2025-12-06T18:15:44.617326,-21.0,-80.0,12.5,,4536254,481238,,2,,,
2025-12-06T18:15:47.885135,-21.0,-80.0,12.5,,4536254,481238,,2,,,
2025-12-06T18:15:50.942814,-42.0,-82.0,12.5,,4536512,481238,,2,,,
2025-12-06T18:15:54.040308,-22.0,-82.0,12.3,,4536770,481238,,2,,,
2025-12-06T18:15:57.105123,-22.0,-80.0,12.3,,4536770,481238,,2,,,
2025-12-06T18:16:00.575893,-22.0,-82.0,12.3,,4536770,481238,,2,,,
2025-12-06T18:16:03.721652,-22.0,-82.0,12.3,,4536770,481238,,2,,,
2025-12-06T18:16:06.796326,-22.0,-82.0,12.3,,4536770,481238,,2,,,
2025-12-06T18:16:09.835778,-22.0,-80.0,12.3,,4536770,481238,,2,,,
2025-12-06T18:16:13.233117,-24.0,-82.0,12.3,,4536942,481238,,2,,,
2025-12-06T18:16:16.321688,-23.0,-82.0,12.3,,4537028,481238,,2,,,
2025-12-06T18:16:19.316204,-23.0,-80.0,12.3,,4537114,481238,,2,,,
2025-12-06T18:16:22.477751,-23.0,-82.0,12.3,,4537286,481238,,2,,,
2025-12-06T18:16:25.963994,-23.0,-80.0,12.3,,4537286,481238,,2,,,
2025-12-06T18:16:29.050605,-23.0,-82.0,12.3,,4537286,481238,,2,,,
2025-12-06T18:16:32.042629,-23.0,-80.0,12.3,,4537286,481238,,2,,,
2025-12-06T18:16:35.223781,-23.0,-82.0,12.3,,4537286,481238,,2,,,
2025-12-06T18:16:38.750175,-23.0,-82.0,12.3,,4537286,481238,,2,,,
2025-12-06T18:16:41.794894,-21.0,-82.0,12.3,,4537372,481238,,2,,,
2025-12-06T18:16:44.854934,-22.0,-80.0,12.3,,4537544,481238,,2,,,
2025-12-06T18:16:47.917015,-22.0,-80.0,12.3,,4537544,481238,,2,,,
2025-12-06T18:16:51.552219,-22.0,-84.0,12.3,,4537544,481238,,2,,,
2025-12-06T18:16:54.709594,-22.0,-84.0,12.3,,4537802,481238,,2,,,
2025-12-06T18:16:57.724080,-22.0,-80.0,8.3,,4537802,481238,,2,,,
2025-12-06T18:17:00.823824,-24.0,-82.0,12.3,,4538060,481238,,2,,,
2025-12-06T18:17:04.395732,-24.0,-84.0,12.3,,4538060,481238,,2,,,
2025-12-06T18:17:07.415688,-24.0,-82.0,12.3,,4538060,481238,,2,,,
2025-12-06T18:17:10.553882,-24.0,-80.0,12.3,,4538060,481238,,2,,,
2025-12-06T18:17:13.626850,-24.0,-82.0,12.3,,4538060,481238,,2,,,
2025-12-06T18:17:17.254869,-24.0,-82.0,12.3,,4538060,481238,,2,,,
2025-12-06T18:17:20.396133,-40.0,-80.0,12.3,,4538146,481238,,2,,,
2025-12-06T18:17:23.404213,-23.0,-82.0,15.4,,4538318,481238,,2,,,
2025-12-06T18:17:26.457500,-23.0,-82.0,15.4,,4538318,481238,,2,,,
2025-12-06T18:17:30.088054,-23.0,-82.0,15.4,,4538318,481238,,2,,,
2025-12-06T18:17:33.119183,-23.0,-82.0,15.4,,4538318,481238,,2,,,
2025-12-06T18:17:36.170054,-24.0,-84.0,15.4,,4538318,481328,,2,,,
2025-12-06T18:17:39.180077,-22.0,-80.0,15.4,,4538404,481370,,2,,,
2025-12-06T18:17:42.816158,-22.0,-82.0,15.4,,4538404,481370,,2,,,
2025-12-06T18:17:45.894147,-22.0,-82.0,15.4,,4538404,481370,,2,,,
2025-12-06T18:17:49.030723,-22.0,-82.0,15.4,,4538404,481370,,2,,,
2025-12-06T18:17:52.076093,-23.0,-80.0,15.4,,4538718,481534,,2,,,
2025-12-06T18:17:55.743362,-23.0,-82.0,15.4,,4538804,481534,,2,,,
2025-12-06T18:17:58.753839,-23.0,-82.0,15.4,,4539062,481576,,2,,,
2025-12-06T18:18:01.804188,-42.0,-82.0,13.9,,4539148,481576,,2,,,
2025-12-06T18:18:04.821325,-24.0,-80.0,13.9,,4539320,481576,,2,,,
2025-12-06T18:18:08.497050,-24.0,-82.0,13.9,,4539320,481576,,2,,,
2025-12-06T18:18:11.615256,-24.0,-82.0,13.9,,4539320,481576,,2,,,
2025-12-06T18:18:14.675629,-24.0,-82.0,13.9,,4539320,481576,,2,,,
2025-12-06T18:18:17.695536,-24.0,-82.0,13.9,,4539320,481576,,2,,,
2025-12-06T18:18:21.389630,-24.0,-82.0,13.9,,4539320,481576,,2,,,
2025-12-06T18:18:24.484535,-23.0,-82.0,13.9,,4539492,481576,,2,,,
2025-12-06T18:18:27.514978,-24.0,-82.0,13.9,,4539578,481576,,2,,,
2025-12-06T18:18:30.544435,-22.0,-82.0,12.5,,4539664,481576,,2,,,
2025-12-06T18:18:34.181668,-22.0,-80.0,15.4,,4539836,481576,,2,,,
2025-12-06T18:18:37.167492,-22.0,-82.0,15.4,,4539836,481576,,2,,,
2025-12-06T18:18:40.236614,-22.0,-80.0,15.4,,4539836,481576,,2,,,
2025-12-06T18:18:43.382922,-22.0,-82.0,15.4,,4539836,481576,,2,,,
2025-12-06T18:18:46.921584,-22.0,-82.0,15.4,,4539836,481576,,2,,,
2025-12-06T18:18:50.017602,-22.0,-82.0,15.4,,4539836,481576,,2,,,
2025-12-06T18:18:53.092466,-22.0,-80.0,15.4,,4539922,481576,,2,,,
2025-12-06T18:18:56.256101,-21.0,-82.0,15.4,,4540094,481576,,2,,,
2025-12-06T18:18:59.799554,-23.0,-80.0,15.4,,4540180,481590,,2,,,
2025-12-06T18:19:02.858903,-22.0,-84.0,15.4,,4540352,481590,,2,,,
2025-12-06T18:19:05.951535,-22.0,-82.0,15.4,,4540352,481590,,2,,,
2025-12-06T18:19:08.905551,-22.0,-78.0,15.4,,4540352,481590,,2,,,
2025-12-06T18:19:12.514232,-24.0,-82.0,15.4,,4540610,481590,,2,,,
2025-12-06T18:19:15.575001,-24.0,-82.0,15.4,,4540610,481590,,2,,,
2025-12-06T18:19:18.605787,-24.0,-82.0,15.4,,4540610,481590,,2,,,
2025-12-06T18:19:21.627978,-24.0,-80.0,15.4,,4540610,481590,,2,,,
2025-12-06T18:19:25.116208,-24.0,-82.0,15.4,,4540610,481590,,2,,,
2025-12-06T18:19:28.263697,-24.0,-82.0,15.4,,4540610,481590,,2,,,
2025-12-06T18:19:31.416850,-24.0,-82.0,15.4,,4540696,481590,,2,,,
2025-12-06T18:19:34.564706,-22.0,-82.0,13.9,,4540868,481590,,2,,,
2025-12-06T18:19:38.319217,-22.0,-84.0,13.9,,4540868,481590,,2,,,
2025-12-06T18:19:41.331912,-22.0,-82.0,13.9,,4540868,481590,,2,,,
2025-12-06T18:19:44.437426,-22.0,-80.0,13.9,,4540868,481590,,2,,,
2025-12-06T18:19:47.556115,-22.0,-80.0,13.9,,4540868,481590,,2,,,
2025-12-06T18:19:51.204001,-22.0,-80.0,13.9,,4540868,481590,,2,,,
2025-12-06T18:19:54.276278,-22.0,-82.0,13.9,,4540868,481590,,2,,,
2025-12-06T18:19:57.396910,-22.0,-82.0,13.9,,4540868,481590,,2,,,
2025-12-06T18:20:00.546004,-22.0,-80.0,13.9,,4540868,481590,,2,,,
2025-12-06T18:20:04.355133,-23.0,-80.0,12.3,,4541126,481590,,2,,,
2025-12-06T18:20:07.381043,-23.0,-82.0,12.3,,4541126,481590,,2,,,
2025-12-06T18:20:10.463156,-23.0,-82.0,12.3,,4541126,481590,,2,,,
2025-12-06T18:20:13.476475,-22.0,-82.0,11.1,,4541298,481590,,2,,,
2025-12-06T18:20:17.065184,-23.0,-80.0,12.3,,4541384,481590,,2,,,
2025-12-06T18:20:20.136107,-23.0,-82.0,12.3,,4541384,481590,,2,,,
2025-12-06T18:20:23.140276,-23.0,-80.0,12.3,,4541384,481590,,2,,,
2025-12-06T18:20:26.106496,-23.0,-80.0,12.3,,4541384,481590,,2,,,
2025-12-06T18:20:29.397629,-23.0,-82.0,12.3,,4541384,481590,,2,,,
2025-12-06T18:20:32.557580,-23.0,-84.0,12.3,,4541384,481590,,2,,,
2025-12-06T18:20:35.675995,-21.0,-80.0,12.3,,4541556,481590,,2,,,
2025-12-06T18:20:39.702160,-24.0,-80.0,12.3,,4541642,481590,,2,,,
2025-12-06T18:20:43.300547,-21.0,-84.0,12.3,,4541814,481590,,2,,,
2025-12-06T18:20:46.340173,-23.0,-84.0,12.3,,4541900,481590,,2,,,
2025-12-06T18:20:49.467856,-23.0,-82.0,12.3,,4541900,481590,,2,,,
2025-12-06T18:20:52.560164,-23.0,-80.0,12.3,,4541900,481590,,2,,,
2025-12-06T18:20:56.136192,-23.0,-84.0,12.3,,4541900,481590,,2,,,
2025-12-06T18:20:59.197607,-23.0,-82.0,12.3,,4541900,481590,,2,,,
2025-12-06T18:21:02.221847,-23.0,-82.0,12.3,,4541900,481590,,2,,,
2025-12-06T18:21:05.215524,-23.0,-84.0,12.3,,4542244,481590,,2,,,
2025-12-06T18:21:08.860269,-22.0,-82.0,12.3,,4542416,481590,,2,,,
2025-12-06T18:21:11.854973,-22.0,-84.0,12.3,,4542416,481590,,2,,,
2025-12-06T18:21:14.869305,-23.0,-84.0,12.3,,4542416,481680,,2,,,
2025-12-06T18:21:17.917061,-23.0,-80.0,12.3,,4542502,481722,,2,,,
2025-12-06T18:21:21.494690,-21.0,-82.0,12.3,,4542588,481722,,2,,,
2025-12-06T18:21:24.465562,-23.0,-84.0,12.3,,4542760,481722,,2,,,
2025-12-06T18:21:27.516525,-23.0,-82.0,12.3,,4542760,481722,,2,,,
2025-12-06T18:21:30.576610,-23.0,-82.0,12.3,,4542884,481804,,2,,,
2025-12-06T18:21:34.041800,-23.0,-80.0,12.3,,4542884,481804,,2,,,
2025-12-06T18:21:37.178599,-22.0,-82.0,12.3,,4542970,481846,,2,,,
2025-12-06T18:21:40.240584,-22.0,-82.0,12.3,,4542970,481846,,2,,,
2025-12-06T18:21:43.289952,-21.0,-84.0,12.3,,4543056,481846,,2,,,
2025-12-06T18:21:46.612050,-23.0,-80.0,12.3,,4543228,481846,,2,,,
2025-12-06T18:21:49.651769,-26.0,-82.0,12.3,,4543228,481936,,2,,,
2025-12-06T18:21:52.696815,-21.0,-82.0,12.3,,4543228,481936,,2,,,
2025-12-06T18:21:55.660483,-21.0,-82.0,12.3,,4543228,481936,,2,,,
2025-12-06T18:21:58.898170,-21.0,-82.0,12.3,,4543228,481936,,2,,,
2025-12-06T18:22:01.992782,-21.0,-84.0,12.3,,4543228,481936,,2,,,
2025-12-06T18:22:05.228438,-21.0,-82.0,12.3,,4543228,481936,,2,,,
2025-12-06T18:22:08.199646,-22.0,-82.0,12.3,,4543488,482100,,2,,,
2025-12-06T18:22:11.378966,-23.0,-84.0,12.3,,4543746,482100,,2,,,
2025-12-06T18:22:14.407551,-24.0,-82.0,12.3,,4543832,482142,,2,,,
2025-12-06T18:22:17.559327,-24.0,-82.0,12.3,,4543832,482142,,2,,,
2025-12-06T18:22:20.573379,-24.0,-82.0,12.3,,4543832,482142,,2,,,
2025-12-06T18:22:23.801661,-24.0,-80.0,12.3,,4543832,482142,,2,,,
2025-12-06T18:22:26.809684,-23.0,-84.0,13.9,,4544090,482142,,2,,,
2025-12-06T18:22:29.825949,-23.0,-82.0,13.9,,4544090,482142,,2,,,
2025-12-06T18:22:32.887434,-23.0,-82.0,13.9,,4544090,482142,,2,,,
2025-12-06T18:22:35.991435,-23.0,-80.0,13.9,,4544090,482142,,2,,,
2025-12-06T18:22:39.517648,-23.0,-82.0,13.9,,4544090,482142,,2,,,
2025-12-06T18:22:42.580090,-23.0,-84.0,13.9,,4544090,482142,,2,,,
2025-12-06T18:22:45.571731,-23.0,-84.0,13.9,,4544090,482142,,2,,,
2025-12-06T18:22:48.666046,-23.0,-78.0,13.9,,4544348,482142,,2,,,
2025-12-06T18:22:52.263517,-23.0,-82.0,13.9,,4544348,482142,,2,,,
2025-12-06T18:22:55.263959,-21.0,-84.0,13.9,,4544606,482142,,2,,,
2025-12-06T18:22:58.243414,-21.0,-82.0,13.9,,4544606,482142,,2,,,
2025-12-06T18:23:01.265420,-21.0,-80.0,13.9,,4544606,482142,,2,,,
2025-12-06T18:23:04.897939,-21.0,-82.0,13.9,,4544606,482142,,2,,,
2025-12-06T18:23:07.957247,-21.0,-82.0,13.9,,4544606,482142,,2,,,
2025-12-06T18:23:10.985969,-21.0,-78.0,13.9,,4544606,482142,,2,,,
2025-12-06T18:23:14.045883,-21.0,-82.0,13.9,,4544864,482142,,2,,,
2025-12-06T18:23:17.677205,-24.0,-86.0,11.1,,4545122,482142,,2,,,
2025-12-06T18:23:20.769285,-24.0,-82.0,11.1,,4545122,482142,,2,,,
2025-12-06T18:23:23.828543,-24.0,-84.0,11.1,,4545122,482142,,2,,,
2025-12-06T18:23:26.823747,-24.0,-80.0,11.1,,4545122,482142,,2,,,
2025-12-06T18:23:30.577306,-24.0,-82.0,11.1,,4545122,482142,,2,,,
2025-12-06T18:23:33.581295,-21.0,-82.0,13.9,,4545294,482142,,2,,,
2025-12-06T18:23:36.707030,-23.0,-82.0,13.9,,4545380,482142,,2,,,
2025-12-06T18:23:39.823698,-23.0,-80.0,13.9,,4545380,482142,,2,,,
2025-12-06T18:23:43.478574,-23.0,-82.0,13.9,,4545380,482142,,2,,,
2025-12-06T18:23:46.566764,-23.0,-84.0,13.9,,4545380,482142,,2,,,
2025-12-06T18:23:49.565621,-23.0,-82.0,13.9,,4545380,482142,,2,,,
2025-12-06T18:23:52.683126,-23.0,-82.0,13.9,,4545380,482142,,2,,,
2025-12-06T18:23:56.378684,-23.0,-82.0,13.9,,4545638,482142,,2,,,
2025-12-06T18:23:59.377311,-22.0,-82.0,13.9,,4545638,482156,,2,,,
2025-12-06T18:24:02.530119,-22.0,-82.0,13.9,,4545638,482156,,2,,,
2025-12-06T18:24:05.527190,-22.0,-80.0,13.9,,4545638,482156,,2,,,
2025-12-06T18:24:09.278096,-22.0,-82.0,13.9,,4545638,482156,,2,,,
2025-12-06T18:24:12.304265,-22.0,-82.0,13.9,,4545638,482156,,2,,,
2025-12-06T18:24:15.326241,-22.0,-82.0,13.9,,4545724,482156,,2,,,
2025-12-06T18:24:18.338818,-23.0,-84.0,13.9,,4545896,482156,,2,,,
2025-12-06T18:24:21.877543,-23.0,-82.0,13.9,,4545896,482156,,2,,,
2025-12-06T18:24:24.899133,-23.0,-82.0,13.9,,4545896,482156,,2,,,
2025-12-06T18:24:27.969085,-23.0,-82.0,13.9,,4545896,482156,,2,,,
2025-12-06T18:24:30.966944,-23.0,-82.0,13.9,,4545896,482156,,2,,,
2025-12-06T18:24:34.699622,-23.0,-80.0,13.9,,4545896,482156,,2,,,
2025-12-06T18:24:37.776280,-21.0,-84.0,13.9,,4546154,482156,,2,,,
2025-12-06T18:24:40.975461,-21.0,-82.0,13.9,,4546154,482156,,2,,,
2025-12-06T18:24:43.960874,-21.0,-82.0,13.9,,4546154,482156,,2,,,
2025-12-06T18:24:47.662343,-21.0,-82.0,13.9,,4546154,482156,,2,,,
2025-12-06T18:24:50.706614,-21.0,-82.0,13.9,,4546154,482156,,2,,,
2025-12-06T18:24:53.777750,-21.0,-82.0,13.9,,4546154,482156,,2,,,
2025-12-06T18:24:56.850795,-21.0,-82.0,13.9,,4546240,482156,,2,,,
2025-12-06T18:25:00.580614,-23.0,-82.0,13.9,,4546412,482156,,2,,,
2025-12-06T18:25:03.598147,-23.0,-82.0,13.9,,4546412,482156,,2,,,
2025-12-06T18:25:06.665435,-23.0,-82.0,13.9,,4546670,482156,,2,,,
2025-12-06T18:25:09.964956,-23.0,-80.0,13.9,,4546670,482156,,2,,,
2025-12-06T18:25:13.659730,-23.0,-82.0,13.9,,4546670,482156,,2,,,
2025-12-06T18:25:16.692483,-23.0,-82.0,13.9,,4546670,482156,,2,,,
2025-12-06T18:25:19.686812,-22.0,-82.0,13.9,,4546842,482156,,2,,,
2025-12-06T18:25:22.756923,-23.0,-84.0,13.9,,4546928,482156,,2,,,
2025-12-06T18:25:26.312033,-42.0,-80.0,13.9,,4547014,482156,,2,,,
2025-12-06T18:25:29.325343,-21.0,-84.0,12.5,,4547186,482156,,2,,,
2025-12-06T18:25:32.387066,-21.0,-82.0,12.5,,4547186,482156,,2,,,
2025-12-06T18:25:35.347711,-21.0,-84.0,12.5,,4547186,482156,,2,,,
2025-12-06T18:25:38.681323,-21.0,-80.0,12.5,,4547186,482156,,2,,,
2025-12-06T18:25:41.980863,-21.0,-82.0,12.5,,4547186,482156,,2,,,
2025-12-06T18:25:45.461721,-21.0,-82.0,13.9,,4547444,482156,,2,,,
2025-12-06T18:25:48.732433,-24.0,-82.0,13.9,,4547444,482156,,2,,,
2025-12-06T18:25:52.358126,-24.0,-82.0,13.9,,4547444,482156,,2,,,
2025-12-06T18:25:55.362951,-24.0,-80.0,13.9,,4547444,482156,,2,,,
2025-12-06T18:25:58.436175,-24.0,-82.0,13.9,,4547444,482156,,2,,,
2025-12-06T18:26:01.493663,-24.0,-82.0,13.9,,4547444,482156,,2,,,
2025-12-06T18:26:05.195339,-24.0,-82.0,13.9,,4547530,482156,,2,,,
2025-12-06T18:26:08.200514,-22.0,-84.0,12.5,,4547702,482156,,2,,,
2025-12-06T18:26:11.220444,-22.0,-82.0,12.5,,4547702,482156,,2,,,
2025-12-06T18:26:14.212909,-22.0,-84.0,12.5,,4547702,482156,,2,,,
2025-12-06T18:26:17.620106,-22.0,-82.0,12.5,,4547702,482156,,2,,,
2025-12-06T18:26:20.647084,-22.0,-82.0,12.5,,4547702,482156,,2,,,
2025-12-06T18:26:23.755486,-24.0,-84.0,15.4,,4547960,482156,,2,,,
2025-12-06T18:26:26.784886,-23.0,-82.0,15.4,,4547960,482156,,2,,,
2025-12-06T18:26:30.297509,-23.0,-82.0,15.4,,4547960,482156,,2,,,
2025-12-06T18:26:33.288296,-23.0,-82.0,15.4,,4547960,482156,,2,,,
2025-12-06T18:26:36.522492,-23.0,-80.0,15.4,,4547960,482156,,2,,,
2025-12-06T18:26:39.639139,-24.0,-82.0,15.4,,4547960,482246,,2,,,
2025-12-06T18:26:43.172455,-24.0,-76.0,15.4,,4547960,482246,,2,,,
2025-12-06T18:26:46.214205,-23.0,-84.0,15.4,,4548046,482288,,2,,,
2025-12-06T18:26:49.240362,-22.0,-82.0,15.4,,4548304,482288,,2,,,
2025-12-06T18:26:52.228951,-22.0,-82.0,15.4,,4548304,482288,,2,,,
2025-12-06T18:26:55.542682,-22.0,-82.0,15.4,,4548304,482288,,2,,,
2025-12-06T18:26:58.659831,-22.0,-82.0,15.4,,4548428,482370,,2,,,
2025-12-06T18:27:01.686943,-22.0,-82.0,15.4,,4548514,482412,,2,,,
2025-12-06T18:27:04.747814,-24.0,-82.0,15.4,,4548514,482412,,2,,,
2025-12-06T18:27:08.080854,-24.0,-82.0,15.4,,4548514,482412,,2,,,
2025-12-06T18:27:11.153517,-24.0,-84.0,15.4,,4548772,482412,,2,,,
2025-12-06T18:27:14.201841,-24.0,-82.0,15.4,,4548772,482412,,2,,,
2025-12-06T18:27:17.241581,-23.0,-84.0,15.4,,4548944,482412,,2,,,
2025-12-06T18:27:20.560212,-21.0,-82.0,15.4,,4549030,482412,,2,,,
2025-12-06T18:27:23.620927,-21.0,-82.0,15.4,,4549030,482412,,2,,,
2025-12-06T18:27:26.615045,-22.0,-78.0,15.4,,4549288,482412,,2,,,
2025-12-06T18:27:29.743868,-24.0,-80.0,15.4,,4549288,482412,,2,,,
2025-12-06T18:27:32.983938,-24.0,-80.0,15.4,,4549288,482412,,2,,,
2025-12-06T18:27:36.024985,-24.0,-84.0,15.4,,4549288,482412,,2,,,
2025-12-06T18:27:39.041242,-23.0,-82.0,13.9,,4549460,482412,,2,,,
2025-12-06T18:27:42.100171,-22.0,-84.0,13.9,,4549546,482412,,2,,,
2025-12-06T18:27:45.222393,-22.0,-80.0,13.9,,4549546,482412,,2,,,
2025-12-06T18:27:48.325897,-22.0,-84.0,13.9,,4549546,482412,,2,,,
2025-12-06T18:27:51.355582,-22.0,-82.0,13.9,,4549546,482412,,2,,,
2025-12-06T18:27:54.438676,-22.0,-84.0,13.9,,4549546,482412,,2,,,
2025-12-06T18:27:57.461508,-23.0,-80.0,13.9,,4549804,482412,,2,,,
2025-12-06T18:28:00.847766,-23.0,-82.0,13.9,,4549804,482412,,2,,,
2025-12-06T18:28:03.839958,-23.0,-82.0,13.9,,4549804,482412,,2,,,
2025-12-06T18:28:07.154764,-23.0,-82.0,13.9,,4549804,482412,,2,,,
2025-12-06T18:28:10.181938,-23.0,-80.0,13.9,,4549804,482412,,2,,,
2025-12-06T18:28:13.395168,-23.0,-82.0,13.9,,4549804,482412,,2,,,
2025-12-06T18:28:16.422432,-23.0,-80.0,13.9,,4549890,482412,,2,,,
2025-12-06T18:28:19.603021,-23.0,-82.0,13.9,,4550062,482412,,2,,,
2025-12-06T18:28:22.619441,-23.0,-82.0,13.9,,4550062,482412,,2,,,
2025-12-06T18:28:26.048312,-23.0,-82.0,13.9,,4550062,482412,,2,,,
2025-12-06T18:28:29.080345,-22.0,-82.0,13.9,,4550234,482412,,2,,,
2025-12-06T18:28:32.141327,-24.0,-84.0,11.1,,4550320,482412,,2,,,
2025-12-06T18:28:35.171476,-24.0,-80.0,11.1,,4550320,482412,,2,,,
2025-12-06T18:28:38.942976,-24.0,-82.0,11.1,,4550320,482412,,2,,,
2025-12-06T18:28:42.041727,-24.0,-82.0,11.1,,4550320,482412,,2,,,
2025-12-06T18:28:45.056985,-24.0,-82.0,11.1,,4550320,482412,,2,,,
2025-12-06T18:28:48.101944,-24.0,-82.0,11.1,,4550320,482412,,2,,,
2025-12-06T18:28:51.714793,-24.0,-82.0,11.1,,4550320,482412,,2,,,
2025-12-06T18:28:54.732369,-24.0,-84.0,11.1,,4550320,482412,,2,,,
2025-12-06T18:28:57.790031,-22.0,-82.0,11.1,,4550406,482426,,2,,,
2025-12-06T18:29:00.790613,-23.0,-82.0,13.9,,4550578,482426,,2,,,
2025-12-06T18:29:04.482264,-23.0,-82.0,13.9,,4550578,482426,,2,,,
2025-12-06T18:29:07.492952,-23.0,-82.0,13.9,,4550578,482426,,2,,,
2025-12-06T18:29:10.570081,-23.0,-82.0,13.9,,4550578,482426,,2,,,
2025-12-06T18:29:13.574606,-23.0,-82.0,13.9,,4550578,482426,,2,,,
2025-12-06T18:29:17.256111,-23.0,-82.0,13.9,,4550578,482426,,2,,,
2025-12-06T18:29:20.268397,-23.0,-84.0,13.9,,4550664,482426,,2,,,
2025-12-06T18:29:23.384011,-24.0,-84.0,13.9,,4550836,482426,,2,,,
2025-12-06T18:29:26.440737,-24.0,-82.0,13.9,,4550922,482426,,2,,,
2025-12-06T18:29:30.033640,-22.0,-80.0,13.9,,4551094,482426,,2,,,
2025-12-06T18:29:33.223121,-23.0,-84.0,13.9,,4551352,482426,,2,,,
2025-12-06T18:29:36.249863,-22.0,-82.0,13.9,,4551352,482426,,2,,,
2025-12-06T18:29:39.214016,-22.0,-82.0,13.9,,4551352,482426,,2,,,
2025-12-06T18:29:42.761403,-22.0,-82.0,13.9,,4551352,482426,,2,,,
2025-12-06T18:29:45.826640,-22.0,-82.0,13.9,,4551352,482426,,2,,,
2025-12-06T18:29:48.972756,-22.0,-82.0,13.9,,4551438,482426,,2,,,
2025-12-06T18:29:52.243756,-22.0,-82.0,12.5,,4551610,482426,,2,,,
2025-12-06T18:29:56.084614,-22.0,-82.0,12.5,,4551610,482426,,2,,,
2025-12-06T18:29:59.337164,-22.0,-82.0,12.5,,4551610,482426,,2,,,
2025-12-06T18:30:02.351692,-22.0,-82.0,12.5,,4551610,482426,,2,,,
2025-12-06T18:30:05.320175,-22.0,-82.0,12.5,,4551610,482426,,2,,,
2025-12-06T18:30:08.913726,-23.0,-84.0,12.5,,4551868,482426,,2,,,
2025-12-06T18:30:11.992852,-23.0,-84.0,12.5,,4551868,482426,,2,,,
2025-12-06T18:30:15.009775,-23.0,-82.0,12.5,,4551868,482426,,2,,,
2025-12-06T18:30:18.103614,-23.0,-80.0,12.5,,4551868,482426,,2,,,
2025-12-06T18:30:21.745429,-23.0,-82.0,12.5,,4551868,482426,,2,,,
2025-12-06T18:30:24.793066,-23.0,-84.0,12.5,,4551868,482516,,2,,,
2025-12-06T18:30:27.910516,-22.0,-84.0,12.5,,4551954,482516,,2,,,
2025-12-06T18:30:30.911541,-23.0,-82.0,15.4,,4552212,482558,,2,,,
2025-12-06T18:30:34.625631,-21.0,-80.0,15.4,,4552298,482558,,2,,,
2025-12-06T18:30:37.633849,-21.0,-82.0,15.4,,4552470,482558,,2,,,
2025-12-06T18:30:40.780972,-21.0,-82.0,15.4,,4552470,482558,,2,,,
2025-12-06T18:30:43.931737,-23.0,-82.0,15.4,,4552594,482730,,2,,,
2025-12-06T18:30:47.567401,-23.0,-80.0,13.9,,4552680,482772,,2,,,
2025-12-06T18:30:50.611725,-23.0,-80.0,13.9,,4552680,482772,,2,,,
2025-12-06T18:30:53.686224,-23.0,-82.0,13.9,,4552680,482772,,2,,,
2025-12-06T18:30:56.641153,-23.0,-80.0,13.9,,4552680,482772,,2,,,
2025-12-06T18:31:00.352680,-23.0,-82.0,13.9,,4552940,482936,,2,,,
2025-12-06T18:31:03.370751,-23.0,-80.0,13.9,,4552940,482936,,2,,,
2025-12-06T18:31:06.547592,-23.0,-84.0,13.9,,4552940,482936,,2,,,
2025-12-06T18:31:09.548109,-22.0,-82.0,13.9,,4553026,482936,,2,,,
2025-12-06T18:31:13.123894,-21.0,-82.0,13.9,,4553198,482936,,2,,,
2025-12-06T18:31:16.151259,-21.0,-84.0,13.9,,4553198,482936,,2,,,
2025-12-06T18:31:19.396679,-21.0,-84.0,13.9,,4553198,482936,,2,,,
2025-12-06T18:31:22.469538,-21.0,-82.0,13.9,,4553198,482936,,2,,,
2025-12-06T18:31:26.145712,-21.0,-80.0,13.9,,4553198,482936,,2,,,
2025-12-06T18:31:29.155858,-21.0,-82.0,13.9,,4553198,482936,,2,,,
2025-12-06T18:31:32.292380,-22.0,-82.0,13.9,,4553370,482936,,2,,,
2025-12-06T18:31:35.352502,-17.0,-82.0,13.9,,4553456,482936,,2,,,
2025-12-06T18:31:38.857997,-24.0,-82.0,11.1,,4553714,482936,,2,,,
2025-12-06T18:31:41.953264,-22.0,-84.0,11.1,,4553972,482936,,2,,,
2025-12-06T18:31:45.042770,-22.0,-82.0,11.1,,4553972,482936,,2,,,
2025-12-06T18:31:48.066925,-22.0,-82.0,11.1,,4553972,482936,,2,,,
2025-12-06T18:31:51.524125,-22.0,-82.0,11.1,,4553972,482936,,2,,,
2025-12-06T18:31:54.494551,-22.0,-82.0,11.1,,4553972,482936,,2,,,
2025-12-06T18:31:57.491160,-22.0,-82.0,11.1,,4553972,482936,,2,,,
2025-12-06T18:32:00.641289,-23.0,-82.0,11.1,,4554058,482936,,2,,,
2025-12-06T18:32:03.955765,-23.0,-82.0,11.1,,4554230,482936,,2,,,
2025-12-06T18:32:07.184017,-23.0,-82.0,11.1,,4554230,482936,,2,,,
2025-12-06T18:32:10.184551,-23.0,-82.0,11.1,,4554230,482936,,2,,,
2025-12-06T18:32:13.211534,-23.0,-84.0,11.1,,4554230,482936,,2,,,
2025-12-06T18:32:16.541793,-23.0,-82.0,11.1,,4554230,482936,,2,,,
2025-12-06T18:32:19.723290,-42.0,-82.0,11.1,,4554488,482936,,2,,,
2025-12-06T18:32:22.744238,-23.0,-84.0,11.1,,4554488,482936,,2,,,
2025-12-06T18:32:25.830901,-23.0,-80.0,11.1,,4554488,482936,,2,,,
2025-12-06T18:32:29.150458,-23.0,-82.0,11.1,,4554488,482936,,2,,,
2025-12-06T18:32:32.161235,-23.0,-82.0,11.1,,4554488,482936,,2,,,
2025-12-06T18:32:35.170724,-23.0,-80.0,11.1,,4554488,482936,,2,,,
2025-12-06T18:32:38.180956,-23.0,-80.0,11.1,,4554488,482936,,2,,,
2025-12-06T18:32:41.503511,-23.0,-80.0,11.1,,4554918,482936,,2,,,
2025-12-06T18:32:44.532491,-23.0,-84.0,12.5,,4555004,482936,,2,,,
2025-12-06T18:32:47.622480,-23.0,-84.0,12.5,,4555004,482936,,2,,,
2025-12-06T18:32:50.686155,-23.0,-82.0,12.5,,4555004,482936,,2,,,
2025-12-06T18:32:53.818732,-23.0,-80.0,12.5,,4555004,482936,,2,,,
2025-12-06T18:32:56.924594,-23.0,-82.0,12.5,,4555004,482936,,2,,,
2025-12-06T18:32:59.971219,-23.0,-82.0,12.5,,4555004,482936,,2,,,
2025-12-06T18:33:03.128375,-23.0,-82.0,12.5,,4555004,482936,,2,,,
2025-12-06T18:33:06.289305,-23.0,-80.0,12.5,,4555004,482936,,2,,,
2025-12-06T18:33:09.615085,-23.0,-80.0,12.5,,4555004,482936,,2,,,
2025-12-06T18:33:12.652334,-23.0,-78.0,12.5,,4555004,482936,,2,,,
2025-12-06T18:33:15.943819,-23.0,-82.0,12.5,,4555004,482936,,2,,,
2025-12-06T18:33:19.018363,-23.0,-82.0,12.5,,4555004,482936,,2,,,
2025-12-06T18:33:22.126692,-24.0,-82.0,15.4,,4555176,482936,,2,,,
2025-12-06T18:33:25.204606,-24.0,-84.0,15.4,,4555262,482936,,2,,,
2025-12-06T18:33:28.253634,-24.0,-82.0,15.4,,4555262,482936,,2,,,
2025-12-06T18:33:31.368572,-24.0,-82.0,15.4,,4555262,482936,,2,,,
2025-12-06T18:33:34.619802,-24.0,-82.0,15.4,,4555262,482936,,2,,,
2025-12-06T18:33:37.819940,-24.0,-80.0,15.4,,4555262,482936,,2,,,
2025-12-06T18:33:40.785502,-24.0,-80.0,15.4,,4555262,482936,,2,,,
2025-12-06T18:33:43.856759,-24.0,-80.0,15.4,,4555520,482936,,2,,,
2025-12-06T18:33:47.091326,-24.0,-82.0,13.9,,4555692,482936,,2,,,
2025-12-06T18:33:50.156456,-23.0,-80.0,13.9,,4555778,482936,,2,,,
2025-12-06T18:33:53.203995,-24.0,-82.0,15.4,,4555950,482936,,2,,,
2025-12-06T18:33:56.231077,-21.0,-80.0,15.4,,4555950,482950,,2,,,
2025-12-06T18:33:59.639193,-21.0,-82.0,15.4,,4555950,482950,,2,,,
2025-12-06T18:34:02.684538,-21.0,-80.0,15.4,,4555950,482950,,2,,,
2025-12-06T18:34:05.746772,-21.0,-84.0,15.4,,4555950,482950,,2,,,
2025-12-06T18:34:08.808639,-21.0,-80.0,15.4,,4555950,482950,,2,,,
2025-12-06T18:34:12.429046,-39.0,-82.0,12.5,,4556122,482950,,2,,,
2025-12-06T18:34:15.464550,-23.0,-82.0,15.4,,4556208,482950,,2,,,
2025-12-06T18:34:18.465462,-23.0,-82.0,15.4,,4556208,482950,,2,,,
2025-12-06T18:34:21.450117,-23.0,-82.0,15.4,,4556208,482950,,2,,,
2025-12-06T18:34:25.067127,-23.0,-80.0,15.4,,4556208,482950,,2,,,
2025-12-06T18:34:28.095548,-23.0,-82.0,15.4,,4556208,482950,,2,,,
2025-12-06T18:34:31.189050,-21.0,-82.0,15.4,,4556466,482950,,2,,,
2025-12-06T18:34:34.250170,-21.0,-82.0,15.4,,4556466,482950,,2,,,
2025-12-06T18:34:37.903611,-21.0,-80.0,15.4,,4556466,482950,,2,,,
2025-12-06T18:34:40.924679,-21.0,-80.0,15.4,,4556466,482950,,2,,,
2025-12-06T18:34:43.934023,-21.0,-82.0,15.4,,4556466,482950,,2,,,
2025-12-06T18:34:46.904168,-23.0,-82.0,15.4,,4556552,482950,,2,,,
2025-12-06T18:34:50.505746,-23.0,-82.0,15.4,,4556810,482950,,2,,,
2025-12-06T18:34:53.621928,-21.0,-84.0,15.4,,4556982,482950,,2,,,
2025-12-06T18:34:56.653299,-21.0,-84.0,15.4,,4556982,482950,,2,,,
2025-12-06T18:34:59.673198,-21.0,-82.0,15.4,,4556982,482950,,2,,,
2025-12-06T18:35:03.198751,-21.0,-82.0,15.4,,4556982,482950,,2,,,
2025-12-06T18:35:06.347482,-21.0,-82.0,15.4,,4556982,482950,,2,,,
2025-12-06T18:35:09.310773,-21.0,-82.0,15.4,,4556982,482950,,2,,,
2025-12-06T18:35:12.537414,-21.0,-82.0,15.4,,4556982,482950,,2,,,
2025-12-06T18:35:16.125412,-21.0,-82.0,15.4,,4556982,482950,,2,,,
2025-12-06T18:35:19.152962,-21.0,-84.0,15.4,,4556982,482950,,2,,,
2025-12-06T18:35:22.283910,-21.0,-84.0,15.4,,4556982,482950,,2,,,
2025-12-06T18:35:25.329052,-21.0,-82.0,15.4,,4556982,482950,,2,,,
2025-12-06T18:35:28.965667,-21.0,-80.0,15.4,,4556982,482950,,2,,,
2025-12-06T18:35:32.005966,-22.0,-80.0,15.4,,4557068,482950,,2,,,
2025-12-06T18:35:35.045860,-21.0,-82.0,15.4,,4557240,482950,,2,,,
2025-12-06T18:35:38.113106,-21.0,-82.0,15.4,,4557240,482950,,2,,,
2025-12-06T18:35:41.744443,-21.0,-82.0,15.4,,4557240,482950,,2,,,
2025-12-06T18:35:44.714435,-21.0,-82.0,15.4,,4557240,482950,,2,,,
2025-12-06T18:35:47.686932,-21.0,-82.0,15.4,,4557240,482950,,2,,,
2025-12-06T18:35:50.773977,-21.0,-82.0,15.4,,4557412,482950,,2,,,
2025-12-06T18:35:54.231207,-21.0,-84.0,15.4,,4557584,483040,,2,,,
2025-12-06T18:35:57.313043,-23.0,-84.0,11.1,,4557842,483082,,2,,,
2025-12-06T18:36:00.356454,-23.0,-82.0,11.1,,4557842,483082,,2,,,
2025-12-06T18:36:03.340116,-22.0,-82.0,12.5,,4558100,483082,,2,,,
2025-12-06T18:36:06.719442,-22.0,-80.0,12.5,,4558100,483082,,2,,,
2025-12-06T18:36:09.775166,-23.0,-82.0,12.5,,4558414,483246,,2,,,
2025-12-06T18:36:12.825991,-23.0,-82.0,12.5,,4558414,483246,,2,,,
2025-12-06T18:36:15.804958,-23.0,-82.0,13.9,,4558500,483288,,2,,,
2025-12-06T18:36:19.027536,-23.0,-82.0,13.9,,4558500,483288,,2,,,
2025-12-06T18:36:22.005097,-23.0,-82.0,13.9,,4558500,483288,,2,,,
2025-12-06T18:36:25.125825,-23.0,-84.0,15.4,,4558758,483288,,2,,,
2025-12-06T18:36:28.134326,-23.0,-82.0,15.4,,4558758,483288,,2,,,
2025-12-06T18:36:31.366762,-23.0,-80.0,15.4,,4558758,483288,,2,,,
2025-12-06T18:36:34.415744,-23.0,-80.0,15.4,,4558758,483288,,2,,,
2025-12-06T18:36:37.426236,-23.0,-82.0,15.4,,4558758,483288,,2,,,
2025-12-06T18:36:40.499197,-23.0,-84.0,15.4,,4558844,483288,,2,,,
2025-12-06T18:36:43.614409,-23.0,-82.0,15.4,,4559016,483288,,2,,,
2025-12-06T18:36:46.868869,-23.0,-82.0,15.4,,4559016,483288,,2,,,
2025-12-06T18:36:50.024453,-23.0,-82.0,15.4,,4559016,483288,,2,,,
2025-12-06T18:36:53.113062,-23.0,-82.0,15.4,,4559016,483288,,2,,,
2025-12-06T18:36:56.172732,-21.0,-80.0,15.4,,4559274,483288,,2,,,
2025-12-06T18:36:59.389495,-21.0,-82.0,15.4,,4559274,483288,,2,,,
2025-12-06T18:37:02.459073,-24.0,-82.0,15.4,,4559360,483288,,2,,,
2025-12-06T18:37:05.534705,-24.0,-82.0,15.4,,4559532,483288,,2,,,
2025-12-06T18:37:08.508084,-24.0,-80.0,15.4,,4559532,483288,,2,,,
2025-12-06T18:37:11.936877,-24.0,-82.0,15.4,,4559532,483288,,2,,,
2025-12-06T18:37:14.950087,-24.0,-82.0,15.4,,4559532,483288,,2,,,
2025-12-06T18:37:17.955243,-24.0,-80.0,15.4,,4559532,483288,,2,,,
2025-12-06T18:37:20.918861,-24.0,-82.0,15.4,,4559532,483288,,2,,,
2025-12-06T18:37:24.489111,-24.0,-84.0,15.4,,4559532,483288,,2,,,
2025-12-06T18:37:27.555830,-24.0,-82.0,15.4,,4559532,483288,,2,,,
2025-12-06T18:37:30.673552,-24.0,-84.0,15.4,,4559532,483288,,2,,,
2025-12-06T18:37:33.741335,-24.0,-80.0,15.4,,4559532,483288,,2,,,
2025-12-06T18:37:37.371279,-24.0,-82.0,15.4,,4559532,483288,,2,,,
2025-12-06T18:37:40.455864,-24.0,-82.0,15.4,,4559532,483288,,2,,,
2025-12-06T18:37:43.548025,-23.0,-82.0,15.4,,4559618,483288,,2,,,
2025-12-06T18:37:46.668455,-24.0,-80.0,12.5,,4559790,483288,,2,,,
2025-12-06T18:37:50.331579,-24.0,-82.0,12.5,,4559790,483288,,2,,,
2025-12-06T18:37:53.476492,-24.0,-82.0,12.5,,4559790,483288,,2,,,
2025-12-06T18:37:56.457171,-24.0,-84.0,12.5,,4559790,483288,,2,,,
2025-12-06T18:37:59.515708,-21.0,-80.0,13.9,,4560048,483288,,2,,,
2025-12-06T18:38:03.131452,-21.0,-80.0,13.9,,4560048,483288,,2,,,
2025-12-06T18:38:06.194646,-24.0,-84.0,13.9,,4560220,483288,,2,,,
2025-12-06T18:38:09.193072,-22.0,-82.0,15.4,,4560306,483288,,2,,,
2025-12-06T18:38:12.230398,-23.0,-82.0,15.4,,4560392,483288,,2,,,
2025-12-06T18:38:15.826786,-23.0,-82.0,15.4,,4560564,483288,,2,,,
2025-12-06T18:38:18.900998,-23.0,-82.0,15.4,,4560564,483288,,2,,,
2025-12-06T18:38:21.963037,-23.0,-78.0,15.4,,4560564,483288,,2,,,
2025-12-06T18:38:25.074995,-23.0,-80.0,15.4,,4560564,483288,,2,,,
2025-12-06T18:38:28.727246,-23.0,-80.0,15.4,,4560564,483288,,2,,,
2025-12-06T18:38:31.747973,-23.0,-68.0,15.4,,4560564,483288,,2,,,
2025-12-06T18:38:34.774995,-22.0,-68.0,15.4,,4560736,483288,,2,,,
2025-12-06T18:38:37.850391,-23.0,-80.0,15.4,,4560822,483288,,2,,,
2025-12-06T18:38:41.567794,-23.0,-80.0,15.4,,4560822,483288,,2,,,
2025-12-06T18:38:44.556958,-23.0,-80.0,15.4,,4560822,483288,,2,,,
2025-12-06T18:38:47.662740,-23.0,-82.0,15.4,,4560822,483288,,2,,,
2025-12-06T18:38:50.889576,-23.0,-82.0,15.4,,4560908,483288,,2,,,
2025-12-06T18:38:54.466893,-21.0,-84.0,15.4,,4561080,483302,,2,,,
2025-12-06T18:38:57.483807,-21.0,-80.0,15.4,,4561080,483302,,2,,,
2025-12-06T18:39:00.494459,-21.0,-82.0,15.4,,4561166,483302,,2,,,
2025-12-06T18:39:03.769505,-23.0,-82.0,15.4,,4561338,483302,,2,,,
2025-12-06T18:39:07.671414,-23.0,-82.0,15.4,,4561338,483302,,2,,,
2025-12-06T18:39:10.694351,-23.0,-84.0,15.4,,4561338,483302,,2,,,
2025-12-06T18:39:13.788629,-22.0,-84.0,15.4,,4561510,483302,,2,,,
2025-12-06T18:39:16.865076,-24.0,-80.0,13.9,,4561596,483302,,2,,,
2025-12-06T18:39:20.866063,-24.0,-82.0,13.9,,4561596,483302,,2,,,
2025-12-06T18:39:23.957634,-24.0,-82.0,13.9,,4561596,483302,,2,,,
2025-12-06T18:39:27.111132,-24.0,-82.0,13.9,,4561596,483302,,2,,,
2025-12-06T18:39:30.189733,-24.0,-82.0,13.9,,4561596,483302,,2,,,
2025-12-06T18:39:33.963229,-21.0,-82.0,13.9,,4561596,483392,,2,,,
2025-12-06T18:39:37.246584,-22.0,-82.0,13.9,,4561682,483524,,2,,,
2025-12-06T18:39:40.274204,-22.0,-84.0,13.9,,4561682,483524,,2,,,
2025-12-06T18:39:43.426145,-22.0,-80.0,13.9,,4561682,483524,,2,,,
2025-12-06T18:39:47.031355,-22.0,-80.0,13.9,,4561682,483524,,2,,,
2025-12-06T18:39:50.415974,-23.0,-82.0,15.4,,4561996,483688,,2,,,
2025-12-06T18:39:53.410370,-21.0,-82.0,15.4,,4562342,483894,,2,,,
2025-12-06T18:39:56.477057,-21.0,-82.0,15.4,,4562600,483894,,2,,,
2025-12-06T18:40:00.665156,-21.0,-80.0,15.4,,4562600,483894,,2,,,
2025-12-06T18:40:03.805768,-22.0,-82.0,15.4,,4562686,483894,,2,,,
2025-12-06T18:40:06.917208,-21.0,-82.0,15.4,,4562858,483894,,2,,,
2025-12-06T18:40:09.965469,-21.0,-82.0,15.4,,4562858,483894,,2,,,
2025-12-06T18:40:13.676892,-21.0,-80.0,15.4,,4562858,483894,,2,,,
2025-12-06T18:40:16.696798,-22.0,-82.0,15.4,,4562944,483894,,2,,,
2025-12-06T18:40:19.726652,-22.0,-82.0,13.9,,4563116,483894,,2,,,
2025-12-06T18:40:22.876750,-22.0,-82.0,13.9,,4563202,483894,,2,,,
2025-12-06T18:40:26.716424,-22.0,-86.0,15.4,,4563374,483894,,2,,,
2025-12-06T18:40:29.988064,-22.0,-84.0,15.4,,4563374,483894,,2,,,
2025-12-06T18:40:32.957206,-22.0,-70.0,15.4,,4563374,483894,,2,,,
2025-12-06T18:40:35.956307,-22.0,-82.0,15.4,,4563374,483894,,2,,,
2025-12-06T18:40:39.624056,-22.0,-82.0,15.4,,4563374,483894,,2,,,
2025-12-06T18:40:42.675525,-22.0,-82.0,15.4,,4563374,483894,,2,,,
2025-12-06T18:40:45.797155,-21.0,-82.0,15.4,,4563546,483894,,2,,,
2025-12-06T18:40:48.948169,-22.0,-82.0,15.4,,4563632,483894,,2,,,
